city,latitude,longitude,date,sunrise,sunset,rain_sum,snowfall_sum,temperature_2m_min,temperature_2m_max
Paris,48.85341,2.3488,2023-01-01,2023-01-01T10:44,2023-01-01T19:04,2.0,0.0,11.9,15.2
Paris,48.85341,2.3488,2023-01-02,2023-01-02T10:44,2023-01-02T19:05,7.4,0.0,7.1,15.5
Paris,48.85341,2.3488,2023-01-03,2023-01-03T10:43,2023-01-03T19:06,0.5,0.0,5.7,9.9
Paris,48.85341,2.3488,2023-01-04,2023-01-04T10:43,2023-01-04T19:07,3.9,0.0,9.5,13.0
Paris,48.85341,2.3488,2023-01-05,2023-01-05T10:43,2023-01-05T19:08,0.4,0.0,11.4,13.8
Paris,48.85341,2.3488,2023-01-06,2023-01-06T10:43,2023-01-06T19:09,0.0,0.0,9.8,13.0
Paris,48.85341,2.3488,2023-01-07,2023-01-07T10:42,2023-01-07T19:10,1.2,0.0,6.3,11.2
Paris,48.85341,2.3488,2023-01-08,2023-01-08T10:42,2023-01-08T19:12,4.4,0.0,8.2,10.6
Paris,48.85341,2.3488,2023-01-09,2023-01-09T10:42,2023-01-09T19:13,0.8,0.0,5.8,8.3
Paris,48.85341,2.3488,2023-01-10,2023-01-10T10:41,2023-01-10T19:14,2.8,0.0,4.0,11.4
Paris,48.85341,2.3488,2023-01-11,2023-01-11T10:41,2023-01-11T19:15,9.3,0.0,8.9,12.4
Paris,48.85341,2.3488,2023-01-12,2023-01-12T10:40,2023-01-12T19:17,0.5,0.0,9.2,12.0
Paris,48.85341,2.3488,2023-01-13,2023-01-13T10:40,2023-01-13T19:18,2.2,0.0,7.4,11.3
Paris,48.85341,2.3488,2023-01-14,2023-01-14T10:39,2023-01-14T19:20,6.8,0.0,7.2,12.6
Paris,48.85341,2.3488,2023-01-15,2023-01-15T10:38,2023-01-15T19:21,5.0,0.0,5.0,10.6
Paris,48.85341,2.3488,2023-01-16,2023-01-16T10:38,2023-01-16T19:22,9.2,0.0,2.5,6.6
Paris,48.85341,2.3488,2023-01-17,2023-01-17T10:37,2023-01-17T19:24,3.7,0.0,-0.4,3.3
Paris,48.85341,2.3488,2023-01-18,2023-01-18T10:36,2023-01-18T19:25,0.0,0.07,-1.7,5.0
Paris,48.85341,2.3488,2023-01-19,2023-01-19T10:35,2023-01-19T19:27,1.0,2.17,-1.1,3.4
Paris,48.85341,2.3488,2023-01-20,2023-01-20T10:34,2023-01-20T19:28,0.2,0.0,-1.5,6.0
Paris,48.85341,2.3488,2023-01-21,2023-01-21T10:33,2023-01-21T19:30,0.1,0.0,-1.4,3.7
Paris,48.85341,2.3488,2023-01-22,2023-01-22T10:32,2023-01-22T19:31,0.0,0.0,-1.5,3.2
Paris,48.85341,2.3488,2023-01-23,2023-01-23T10:31,2023-01-23T19:33,0.0,0.0,0.5,3.6
Paris,48.85341,2.3488,2023-01-24,2023-01-24T10:30,2023-01-24T19:34,0.0,0.0,-1.2,3.6
Paris,48.85341,2.3488,2023-01-25,2023-01-25T10:29,2023-01-25T19:36,0.0,0.0,0.8,2.6
Paris,48.85341,2.3488,2023-01-26,2023-01-26T10:28,2023-01-26T19:37,0.5,0.0,0.2,4.6
Paris,48.85341,2.3488,2023-01-27,2023-01-27T10:27,2023-01-27T19:39,0.4,0.0,3.3,4.7
Paris,48.85341,2.3488,2023-01-28,2023-01-28T10:26,2023-01-28T19:41,0.0,0.0,-0.6,3.7
Paris,48.85341,2.3488,2023-01-29,2023-01-29T10:24,2023-01-29T19:42,0.0,0.0,-3.3,4.8
Paris,48.85341,2.3488,2023-01-30,2023-01-30T10:23,2023-01-30T19:44,0.0,0.0,3.5,9.0
Paris,48.85341,2.3488,2023-01-31,2023-01-31T10:22,2023-01-31T19:46,0.0,0.0,0.5,8.1
Paris,48.85341,2.3488,2023-02-01,2023-02-01T10:20,2023-02-01T19:47,0.0,0.0,6.3,9.8
Paris,48.85341,2.3488,2023-02-02,2023-02-02T10:19,2023-02-02T19:49,0.0,0.0,4.7,10.6
Paris,48.85341,2.3488,2023-02-03,2023-02-03T10:18,2023-02-03T19:50,0.0,0.0,6.8,10.1
Paris,48.85341,2.3488,2023-02-04,2023-02-04T10:16,2023-02-04T19:52,0.5,0.0,7.1,10.9
Paris,48.85341,2.3488,2023-02-05,2023-02-05T10:15,2023-02-05T19:54,0.1,0.0,4.6,9.4
Paris,48.85341,2.3488,2023-02-06,2023-02-06T10:13,2023-02-06T19:55,0.0,0.0,0.4,6.9
Paris,48.85341,2.3488,2023-02-07,2023-02-07T10:12,2023-02-07T19:57,0.0,0.0,-0.8,6.2
Paris,48.85341,2.3488,2023-02-08,2023-02-08T10:10,2023-02-08T19:59,0.0,0.0,-3.7,6.0
Paris,48.85341,2.3488,2023-02-09,2023-02-09T10:09,2023-02-09T20:00,0.0,0.0,-5.0,6.9
Paris,48.85341,2.3488,2023-02-10,2023-02-10T10:07,2023-02-10T20:02,0.0,0.0,-0.4,9.6
Paris,48.85341,2.3488,2023-02-11,2023-02-11T10:06,2023-02-11T20:04,0.0,0.0,-0.5,8.7
Paris,48.85341,2.3488,2023-02-12,2023-02-12T10:04,2023-02-12T20:05,0.0,0.0,6.1,9.3
Paris,48.85341,2.3488,2023-02-13,2023-02-13T10:02,2023-02-13T20:07,0.0,0.0,-0.9,11.8
Paris,48.85341,2.3488,2023-02-14,2023-02-14T10:00,2023-02-14T20:08,0.0,0.0,-0.2,12.0
Paris,48.85341,2.3488,2023-02-15,2023-02-15T09:59,2023-02-15T20:10,0.0,0.0,-0.7,12.8
Paris,48.85341,2.3488,2023-02-16,2023-02-16T09:57,2023-02-16T20:12,1.3,0.0,3.9,11.5
Paris,48.85341,2.3488,2023-02-17,2023-02-17T09:55,2023-02-17T20:13,0.3,0.0,10.7,14.7
Paris,48.85341,2.3488,2023-02-18,2023-02-18T09:53,2023-02-18T20:15,0.1,0.0,9.3,12.5
Paris,48.85341,2.3488,2023-02-19,2023-02-19T09:51,2023-02-19T20:17,0.0,0.0,6.5,11.9
Paris,48.85341,2.3488,2023-02-20,2023-02-20T09:50,2023-02-20T20:18,0.0,0.0,2.6,12.0
Paris,48.85341,2.3488,2023-02-21,2023-02-21T09:48,2023-02-21T20:20,0.0,0.0,0.7,13.9
Paris,48.85341,2.3488,2023-02-22,2023-02-22T09:46,2023-02-22T20:22,5.4,0.0,6.7,10.5
Paris,48.85341,2.3488,2023-02-23,2023-02-23T09:44,2023-02-23T20:23,0.2,0.0,5.4,10.1
Paris,48.85341,2.3488,2023-02-24,2023-02-24T09:42,2023-02-24T20:25,0.0,0.0,4.7,10.5
Paris,48.85341,2.3488,2023-02-25,2023-02-25T09:40,2023-02-25T20:26,0.0,0.0,1.6,7.8
Paris,48.85341,2.3488,2023-02-26,2023-02-26T09:38,2023-02-26T20:28,0.0,0.0,-0.9,5.1
Paris,48.85341,2.3488,2023-02-27,2023-02-27T09:36,2023-02-27T20:30,0.0,0.0,-1.4,6.4
Paris,48.85341,2.3488,2023-02-28,2023-02-28T09:35,2023-02-28T20:31,0.0,0.0,-2.4,5.1
Paris,48.85341,2.3488,2023-03-01,2023-03-01T09:33,2023-03-01T20:33,0.0,0.0,-2.3,7.3
Paris,48.85341,2.3488,2023-03-02,2023-03-02T09:31,2023-03-02T20:34,0.0,0.0,-2.2,9.4
Paris,48.85341,2.3488,2023-03-03,2023-03-03T09:29,2023-03-03T20:36,0.0,0.0,-0.2,9.1
Paris,48.85341,2.3488,2023-03-04,2023-03-04T09:27,2023-03-04T20:38,0.0,0.0,-1.1,6.7
Paris,48.85341,2.3488,2023-03-05,2023-03-05T09:25,2023-03-05T20:39,0.3,0.0,3.0,7.2
Paris,48.85341,2.3488,2023-03-06,2023-03-06T09:23,2023-03-06T20:41,0.6,0.0,1.8,7.6
Paris,48.85341,2.3488,2023-03-07,2023-03-07T09:21,2023-03-07T20:42,0.1,0.0,3.3,8.8
Paris,48.85341,2.3488,2023-03-08,2023-03-08T09:18,2023-03-08T20:44,16.0,0.0,5.5,14.1
Paris,48.85341,2.3488,2023-03-09,2023-03-09T09:16,2023-03-09T20:45,8.3,0.0,8.9,14.6
Paris,48.85341,2.3488,2023-03-10,2023-03-10T09:14,2023-03-10T20:47,2.0,0.0,4.9,11.3
Paris,48.85341,2.3488,2023-03-11,2023-03-11T09:12,2023-03-11T20:48,1.9,0.35,1.3,7.3
Paris,48.85341,2.3488,2023-03-12,2023-03-12T09:10,2023-03-12T20:50,3.2,0.0,6.4,14.2
Paris,48.85341,2.3488,2023-03-13,2023-03-13T09:08,2023-03-13T20:52,4.2,0.0,11.9,15.8
Paris,48.85341,2.3488,2023-03-14,2023-03-14T09:06,2023-03-14T20:53,5.4,0.0,4.4,11.0
Paris,48.85341,2.3488,2023-03-15,2023-03-15T09:04,2023-03-15T20:55,0.4,0.0,2.2,10.8
Paris,48.85341,2.3488,2023-03-16,2023-03-16T09:02,2023-03-16T20:56,0.0,0.0,4.9,15.8
Paris,48.85341,2.3488,2023-03-17,2023-03-17T09:00,2023-03-17T20:58,7.1,0.0,8.0,15.9
Paris,48.85341,2.3488,2023-03-18,2023-03-18T08:58,2023-03-18T20:59,5.7,0.0,8.7,15.2
Paris,48.85341,2.3488,2023-03-19,2023-03-19T08:56,2023-03-19T21:01,2.0,0.0,4.7,11.1
Paris,48.85341,2.3488,2023-03-20,2023-03-20T08:54,2023-03-20T21:02,0.0,0.0,1.9,13.2
Paris,48.85341,2.3488,2023-03-21,2023-03-21T08:52,2023-03-21T21:04,1.2,0.0,8.2,14.7
Paris,48.85341,2.3488,2023-03-22,2023-03-22T08:49,2023-03-22T21:05,8.0,0.0,8.1,13.9
Paris,48.85341,2.3488,2023-03-23,2023-03-23T08:47,2023-03-23T21:07,1.4,0.0,11.2,15.9
Paris,48.85341,2.3488,2023-03-24,2023-03-24T08:45,2023-03-24T21:08,1.8,0.0,10.1,14.9
Paris,48.85341,2.3488,2023-03-25,2023-03-25T08:43,2023-03-25T21:10,0.2,0.0,8.4,13.7
Paris,48.85341,2.3488,2023-03-26,2023-03-26T08:41,2023-03-26T21:11,7.0,0.0,8.0,11.5
Paris,48.85341,2.3488,2023-03-27,2023-03-27T08:39,2023-03-27T21:13,0.1,0.0,3.7,9.7
Paris,48.85341,2.3488,2023-03-28,2023-03-28T08:37,2023-03-28T21:14,0.6,0.0,3.1,11.1
Paris,48.85341,2.3488,2023-03-29,2023-03-29T08:35,2023-03-29T21:16,0.5,0.0,9.0,19.5
Paris,48.85341,2.3488,2023-03-30,2023-03-30T08:32,2023-03-30T21:17,2.7,0.0,11.6,16.5
Paris,48.85341,2.3488,2023-03-31,2023-03-31T08:30,2023-03-31T21:19,4.1,0.0,10.7,14.6
Paris,48.85341,2.3488,2023-04-01,2023-04-01T08:28,2023-04-01T21:20,2.6,0.0,9.1,13.4
Paris,48.85341,2.3488,2023-04-02,2023-04-02T08:26,2023-04-02T21:22,0.6,0.0,7.2,9.5
Paris,48.85341,2.3488,2023-04-03,2023-04-03T08:24,2023-04-03T21:23,0.0,0.0,3.7,11.8
Paris,48.85341,2.3488,2023-04-04,2023-04-04T08:22,2023-04-04T21:25,0.0,0.0,0.8,10.7
Paris,48.85341,2.3488,2023-04-05,2023-04-05T08:20,2023-04-05T21:26,0.0,0.0,-0.4,13.9
Paris,48.85341,2.3488,2023-04-06,2023-04-06T08:18,2023-04-06T21:28,1.4,0.0,7.8,14.3
Paris,48.85341,2.3488,2023-04-07,2023-04-07T08:16,2023-04-07T21:29,0.4,0.0,5.4,14.0
Paris,48.85341,2.3488,2023-04-08,2023-04-08T08:14,2023-04-08T21:31,0.0,0.0,2.7,14.2
Paris,48.85341,2.3488,2023-04-09,2023-04-09T08:12,2023-04-09T21:32,0.0,0.0,2.8,17.2
Paris,48.85341,2.3488,2023-04-10,2023-04-10T08:10,2023-04-10T21:34,2.3,0.0,7.8,16.8
Paris,48.85341,2.3488,2023-04-11,2023-04-11T08:08,2023-04-11T21:35,8.1,0.0,7.7,13.1
Paris,48.85341,2.3488,2023-04-12,2023-04-12T08:06,2023-04-12T21:37,10.1,0.0,8.3,12.8
Paris,48.85341,2.3488,2023-04-13,2023-04-13T08:04,2023-04-13T21:38,5.0,0.07,5.9,11.9
Paris,48.85341,2.3488,2023-04-14,2023-04-14T08:02,2023-04-14T21:40,5.5,0.56,4.1,9.1
Paris,48.85341,2.3488,2023-04-15,2023-04-15T08:00,2023-04-15T21:41,11.5,0.0,6.9,12.7
Paris,48.85341,2.3488,2023-04-16,2023-04-16T07:58,2023-04-16T21:43,0.0,0.0,2.8,14.7
Paris,48.85341,2.3488,2023-04-17,2023-04-17T07:56,2023-04-17T21:44,0.1,0.0,3.4,12.5
Paris,48.85341,2.3488,2023-04-18,2023-04-18T07:54,2023-04-18T21:46,2.7,0.0,6.0,15.2
Paris,48.85341,2.3488,2023-04-19,2023-04-19T07:52,2023-04-19T21:47,0.0,0.0,7.2,18.1
Paris,48.85341,2.3488,2023-04-20,2023-04-20T07:50,2023-04-20T21:49,0.2,0.0,6.1,13.0
Paris,48.85341,2.3488,2023-04-21,2023-04-21T07:48,2023-04-21T21:50,0.5,0.0,1.3,13.1
Paris,48.85341,2.3488,2023-04-22,2023-04-22T07:46,2023-04-22T21:52,7.1,0.0,5.0,17.1
Paris,48.85341,2.3488,2023-04-23,2023-04-23T07:44,2023-04-23T21:53,6.0,0.0,8.8,14.6
Paris,48.85341,2.3488,2023-04-24,2023-04-24T07:43,2023-04-24T21:55,5.0,0.0,6.9,14.1
Paris,48.85341,2.3488,2023-04-25,2023-04-25T07:41,2023-04-25T21:56,1.1,0.0,6.3,11.5
Paris,48.85341,2.3488,2023-04-26,2023-04-26T07:39,2023-04-26T21:57,1.3,0.0,4.8,11.8
Paris,48.85341,2.3488,2023-04-27,2023-04-27T07:37,2023-04-27T21:59,1.2,0.0,6.9,18.3
Paris,48.85341,2.3488,2023-04-28,2023-04-28T07:35,2023-04-28T22:00,5.8,0.0,14.0,21.0
Paris,48.85341,2.3488,2023-04-29,2023-04-29T07:34,2023-04-29T22:02,0.2,0.0,8.3,15.8
Paris,48.85341,2.3488,2023-04-30,2023-04-30T07:32,2023-04-30T22:03,0.0,0.0,7.6,17.2
Paris,48.85341,2.3488,2023-05-01,2023-05-01T07:30,2023-05-01T22:05,3.7,0.0,9.5,15.9
Paris,48.85341,2.3488,2023-05-02,2023-05-02T07:29,2023-05-02T22:06,0.4,0.0,7.3,17.1
Paris,48.85341,2.3488,2023-05-03,2023-05-03T07:27,2023-05-03T22:08,0.0,0.0,6.5,19.6
Paris,48.85341,2.3488,2023-05-04,2023-05-04T07:25,2023-05-04T22:09,1.2,0.0,10.9,22.3
Paris,48.85341,2.3488,2023-05-05,2023-05-05T07:24,2023-05-05T22:11,4.2,0.0,12.5,18.4
Paris,48.85341,2.3488,2023-05-06,2023-05-06T07:22,2023-05-06T22:12,2.3,0.0,11.5,20.1
Paris,48.85341,2.3488,2023-05-07,2023-05-07T07:20,2023-05-07T22:13,20.2,0.0,13.7,18.4
Paris,48.85341,2.3488,2023-05-08,2023-05-08T07:19,2023-05-08T22:15,0.0,0.0,10.2,18.8
Paris,48.85341,2.3488,2023-05-09,2023-05-09T07:17,2023-05-09T22:16,17.0,0.0,12.8,16.8
Paris,48.85341,2.3488,2023-05-10,2023-05-10T07:16,2023-05-10T22:18,6.4,0.0,9.3,16.8
Paris,48.85341,2.3488,2023-05-11,2023-05-11T07:14,2023-05-11T22:19,6.1,0.0,8.8,16.3
Paris,48.85341,2.3488,2023-05-12,2023-05-12T07:13,2023-05-12T22:21,1.0,0.0,8.9,15.0
Paris,48.85341,2.3488,2023-05-13,2023-05-13T07:12,2023-05-13T22:22,12.2,0.0,10.2,20.2
Paris,48.85341,2.3488,2023-05-14,2023-05-14T07:10,2023-05-14T22:23,0.0,0.0,8.5,18.8
Paris,48.85341,2.3488,2023-05-15,2023-05-15T07:09,2023-05-15T22:25,4.8,0.0,8.1,16.0
Paris,48.85341,2.3488,2023-05-16,2023-05-16T07:08,2023-05-16T22:26,0.0,0.0,5.8,15.1
Paris,48.85341,2.3488,2023-05-17,2023-05-17T07:06,2023-05-17T22:27,0.1,0.0,6.4,16.1
Paris,48.85341,2.3488,2023-05-18,2023-05-18T07:05,2023-05-18T22:29,0.0,0.0,6.7,17.1
Paris,48.85341,2.3488,2023-05-19,2023-05-19T07:04,2023-05-19T22:30,0.0,0.0,7.5,19.1
Paris,48.85341,2.3488,2023-05-20,2023-05-20T07:03,2023-05-20T22:31,0.2,0.0,11.9,19.9
Paris,48.85341,2.3488,2023-05-21,2023-05-21T07:02,2023-05-21T22:32,0.0,0.0,12.4,21.2
Paris,48.85341,2.3488,2023-05-22,2023-05-22T07:00,2023-05-22T22:34,0.0,0.0,11.6,21.3
Paris,48.85341,2.3488,2023-05-23,2023-05-23T06:59,2023-05-23T22:35,0.1,0.0,11.5,18.8
Paris,48.85341,2.3488,2023-05-24,2023-05-24T06:58,2023-05-24T22:36,0.0,0.0,7.6,19.0
Paris,48.85341,2.3488,2023-05-25,2023-05-25T06:57,2023-05-25T22:37,0.0,0.0,10.3,20.1
Paris,48.85341,2.3488,2023-05-26,2023-05-26T06:56,2023-05-26T22:38,0.0,0.0,9.9,21.4
Paris,48.85341,2.3488,2023-05-27,2023-05-27T06:56,2023-05-27T22:39,0.0,0.0,11.5,23.6
Paris,48.85341,2.3488,2023-05-28,2023-05-28T06:55,2023-05-28T22:41,0.0,0.0,12.2,25.4
Paris,48.85341,2.3488,2023-05-29,2023-05-29T06:54,2023-05-29T22:42,0.0,0.0,13.2,23.3
Paris,48.85341,2.3488,2023-05-30,2023-05-30T06:53,2023-05-30T22:43,0.0,0.0,11.7,21.8
Paris,48.85341,2.3488,2023-05-31,2023-05-31T06:52,2023-05-31T22:44,0.0,0.0,11.8,25.5
Paris,48.85341,2.3488,2023-06-01,2023-06-01T06:52,2023-06-01T22:45,0.0,0.0,14.1,26.2
Paris,48.85341,2.3488,2023-06-02,2023-06-02T06:51,2023-06-02T22:46,0.0,0.0,9.7,20.2
Paris,48.85341,2.3488,2023-06-03,2023-06-03T06:50,2023-06-03T22:47,0.0,0.0,10.7,24.1
Paris,48.85341,2.3488,2023-06-04,2023-06-04T06:50,2023-06-04T22:48,0.0,0.0,13.3,25.2
Paris,48.85341,2.3488,2023-06-05,2023-06-05T06:49,2023-06-05T22:48,0.0,0.0,13.2,25.5
Paris,48.85341,2.3488,2023-06-06,2023-06-06T06:49,2023-06-06T22:49,0.0,0.0,12.4,25.6
Paris,48.85341,2.3488,2023-06-07,2023-06-07T06:48,2023-06-07T22:50,0.2,0.0,14.0,27.3
Paris,48.85341,2.3488,2023-06-08,2023-06-08T06:48,2023-06-08T22:51,0.0,0.0,14.5,27.3
Paris,48.85341,2.3488,2023-06-09,2023-06-09T06:48,2023-06-09T22:52,0.0,0.0,15.8,29.6
Paris,48.85341,2.3488,2023-06-10,2023-06-10T06:47,2023-06-10T22:52,0.5,0.0,17.9,27.6
Paris,48.85341,2.3488,2023-06-11,2023-06-11T06:47,2023-06-11T22:53,25.5,0.0,18.4,25.0
Paris,48.85341,2.3488,2023-06-12,2023-06-12T06:47,2023-06-12T22:54,1.0,0.0,16.7,26.2
Paris,48.85341,2.3488,2023-06-13,2023-06-13T06:47,2023-06-13T22:54,0.0,0.0,16.0,28.1
Paris,48.85341,2.3488,2023-06-14,2023-06-14T06:47,2023-06-14T22:55,0.0,0.0,13.6,28.2
Paris,48.85341,2.3488,2023-06-15,2023-06-15T06:46,2023-06-15T22:55,0.0,0.0,14.9,27.8
Paris,48.85341,2.3488,2023-06-16,2023-06-16T06:46,2023-06-16T22:56,0.0,0.0,14.4,29.3
Paris,48.85341,2.3488,2023-06-17,2023-06-17T06:46,2023-06-17T22:56,0.6,0.0,17.5,30.6
Paris,48.85341,2.3488,2023-06-18,2023-06-18T06:47,2023-06-18T22:56,2.8,0.0,18.9,29.9
Paris,48.85341,2.3488,2023-06-19,2023-06-19T06:47,2023-06-19T22:57,1.0,0.0,15.8,24.7
Paris,48.85341,2.3488,2023-06-20,2023-06-20T06:47,2023-06-20T22:57,1.7,0.0,17.8,26.9
Paris,48.85341,2.3488,2023-06-21,2023-06-21T06:47,2023-06-21T22:57,3.8,0.0,16.2,27.5
Paris,48.85341,2.3488,2023-06-22,2023-06-22T06:47,2023-06-22T22:58,19.4,0.0,17.5,23.7
Paris,48.85341,2.3488,2023-06-23,2023-06-23T06:47,2023-06-23T22:58,0.2,0.0,13.7,26.7
Paris,48.85341,2.3488,2023-06-24,2023-06-24T06:48,2023-06-24T22:58,0.0,0.0,15.0,27.8
Paris,48.85341,2.3488,2023-06-25,2023-06-25T06:48,2023-06-25T22:58,0.0,0.0,16.8,31.4
Paris,48.85341,2.3488,2023-06-26,2023-06-26T06:48,2023-06-26T22:58,0.0,0.0,15.7,23.2
Paris,48.85341,2.3488,2023-06-27,2023-06-27T06:49,2023-06-27T22:58,0.0,0.0,13.7,24.9
Paris,48.85341,2.3488,2023-06-28,2023-06-28T06:49,2023-06-28T22:58,0.8,0.0,15.3,25.5
Paris,48.85341,2.3488,2023-06-29,2023-06-29T06:50,2023-06-29T22:58,0.8,0.0,19.4,25.2
Paris,48.85341,2.3488,2023-06-30,2023-06-30T06:50,2023-06-30T22:57,0.4,0.0,15.6,24.6
Paris,48.85341,2.3488,2023-07-01,2023-07-01T06:51,2023-07-01T22:57,2.6,0.0,16.9,23.1
Paris,48.85341,2.3488,2023-07-02,2023-07-02T06:52,2023-07-02T22:57,0.0,0.0,13.9,23.5
Paris,48.85341,2.3488,2023-07-03,2023-07-03T06:52,2023-07-03T22:57,0.8,0.0,15.0,24.6
Paris,48.85341,2.3488,2023-07-04,2023-07-04T06:53,2023-07-04T22:56,4.0,0.0,12.5,22.3
Paris,48.85341,2.3488,2023-07-05,2023-07-05T06:54,2023-07-05T22:56,0.8,0.0,11.9,21.8
Paris,48.85341,2.3488,2023-07-06,2023-07-06T06:55,2023-07-06T22:55,0.1,0.0,12.5,25.8
Paris,48.85341,2.3488,2023-07-07,2023-07-07T06:55,2023-07-07T22:55,0.0,0.0,14.4,30.3
Paris,48.85341,2.3488,2023-07-08,2023-07-08T06:56,2023-07-08T22:54,0.4,0.0,20.0,32.7
Paris,48.85341,2.3488,2023-07-09,2023-07-09T06:57,2023-07-09T22:54,7.8,0.0,20.3,27.7
Paris,48.85341,2.3488,2023-07-10,2023-07-10T06:58,2023-07-10T22:53,0.1,0.0,16.7,29.0
Paris,48.85341,2.3488,2023-07-11,2023-07-11T06:59,2023-07-11T22:53,0.1,0.0,17.4,31.6
Paris,48.85341,2.3488,2023-07-12,2023-07-12T07:00,2023-07-12T22:52,3.6,0.0,17.3,25.0
Paris,48.85341,2.3488,2023-07-13,2023-07-13T07:01,2023-07-13T22:51,0.2,0.0,16.2,24.2
Paris,48.85341,2.3488,2023-07-14,2023-07-14T07:02,2023-07-14T22:50,0.4,0.0,15.0,30.5
Paris,48.85341,2.3488,2023-07-15,2023-07-15T07:03,2023-07-15T22:50,1.5,0.0,20.9,26.5
Paris,48.85341,2.3488,2023-07-16,2023-07-16T07:04,2023-07-16T22:49,0.0,0.0,15.6,25.0
Paris,48.85341,2.3488,2023-07-17,2023-07-17T07:05,2023-07-17T22:48,0.0,0.0,13.9,24.8
Paris,48.85341,2.3488,2023-07-18,2023-07-18T07:06,2023-07-18T22:47,0.0,0.0,13.9,28.6
Paris,48.85341,2.3488,2023-07-19,2023-07-19T07:07,2023-07-19T22:46,0.0,0.0,16.6,24.4
Paris,48.85341,2.3488,2023-07-20,2023-07-20T07:09,2023-07-20T22:45,0.0,0.0,13.8,25.7
Paris,48.85341,2.3488,2023-07-21,2023-07-21T07:10,2023-07-21T22:44,2.0,0.0,15.1,24.3
Paris,48.85341,2.3488,2023-07-22,2023-07-22T07:11,2023-07-22T22:43,0.0,0.0,13.0,25.6
Paris,48.85341,2.3488,2023-07-23,2023-07-23T07:12,2023-07-23T22:42,4.3,0.0,17.1,23.9
Paris,48.85341,2.3488,2023-07-24,2023-07-24T07:13,2023-07-24T22:40,16.5,0.0,17.2,23.2
Paris,48.85341,2.3488,2023-07-25,2023-07-25T07:15,2023-07-25T22:39,15.7,0.0,14.8,20.2
Paris,48.85341,2.3488,2023-07-26,2023-07-26T07:16,2023-07-26T22:38,0.2,0.0,12.1,23.2
Paris,48.85341,2.3488,2023-07-27,2023-07-27T07:17,2023-07-27T22:37,17.1,0.0,17.6,22.8
Paris,48.85341,2.3488,2023-07-28,2023-07-28T07:18,2023-07-28T22:35,7.7,0.0,17.8,24.1
Paris,48.85341,2.3488,2023-07-29,2023-07-29T07:20,2023-07-29T22:34,6.0,0.0,16.9,23.1
Paris,48.85341,2.3488,2023-07-30,2023-07-30T07:21,2023-07-30T22:32,0.2,0.0,14.4,22.5
Paris,48.85341,2.3488,2023-07-31,2023-07-31T07:22,2023-07-31T22:31,6.0,0.0,16.7,22.5
Paris,48.85341,2.3488,2023-08-01,2023-08-01T07:24,2023-08-01T22:30,4.4,0.0,15.7,21.6
Paris,48.85341,2.3488,2023-08-02,2023-08-02T07:25,2023-08-02T22:28,23.3,0.0,16.9,23.0
Paris,48.85341,2.3488,2023-08-03,2023-08-03T07:26,2023-08-03T22:27,5.6,0.0,16.0,18.7
Paris,48.85341,2.3488,2023-08-04,2023-08-04T07:28,2023-08-04T22:25,3.4,0.0,14.3,21.0
Paris,48.85341,2.3488,2023-08-05,2023-08-05T07:29,2023-08-05T22:24,6.4,0.0,12.6,19.2
Paris,48.85341,2.3488,2023-08-06,2023-08-06T07:30,2023-08-06T22:22,1.6,0.0,13.3,19.2
Paris,48.85341,2.3488,2023-08-07,2023-08-07T07:32,2023-08-07T22:21,0.3,0.0,12.1,21.3
Paris,48.85341,2.3488,2023-08-08,2023-08-08T07:33,2023-08-08T22:19,0.6,0.0,14.3,22.8
Paris,48.85341,2.3488,2023-08-09,2023-08-09T07:35,2023-08-09T22:17,0.0,0.0,16.3,23.0
Paris,48.85341,2.3488,2023-08-10,2023-08-10T07:36,2023-08-10T22:16,0.0,0.0,13.8,25.8
Paris,48.85341,2.3488,2023-08-11,2023-08-11T07:37,2023-08-11T22:14,3.2,0.0,17.3,27.3
Paris,48.85341,2.3488,2023-08-12,2023-08-12T07:39,2023-08-12T22:12,4.6,0.0,19.4,25.4
Paris,48.85341,2.3488,2023-08-13,2023-08-13T07:40,2023-08-13T22:10,0.0,0.0,15.9,23.1
Paris,48.85341,2.3488,2023-08-14,2023-08-14T07:42,2023-08-14T22:09,1.8,0.0,15.5,26.7
Paris,48.85341,2.3488,2023-08-15,2023-08-15T07:43,2023-08-15T22:07,1.0,0.0,16.5,23.8
Paris,48.85341,2.3488,2023-08-16,2023-08-16T07:44,2023-08-16T22:05,0.1,0.0,15.9,25.8
Paris,48.85341,2.3488,2023-08-17,2023-08-17T07:46,2023-08-17T22:03,0.8,0.0,16.9,27.4
Paris,48.85341,2.3488,2023-08-18,2023-08-18T07:47,2023-08-18T22:01,0.3,0.0,17.8,31.0
Paris,48.85341,2.3488,2023-08-19,2023-08-19T07:49,2023-08-19T21:59,7.0,0.0,20.0,26.7
Paris,48.85341,2.3488,2023-08-20,2023-08-20T07:50,2023-08-20T21:57,0.4,0.0,17.2,29.3
Paris,48.85341,2.3488,2023-08-21,2023-08-21T07:51,2023-08-21T21:56,0.0,0.0,16.4,27.2
Paris,48.85341,2.3488,2023-08-22,2023-08-22T07:53,2023-08-22T21:54,0.0,0.0,16.2,29.3
Paris,48.85341,2.3488,2023-08-23,2023-08-23T07:54,2023-08-23T21:52,0.0,0.0,17.5,30.6
Paris,48.85341,2.3488,2023-08-24,2023-08-24T07:56,2023-08-24T21:50,18.1,0.0,19.8,26.1
Paris,48.85341,2.3488,2023-08-25,2023-08-25T07:57,2023-08-25T21:48,23.2,0.0,18.3,23.5
Paris,48.85341,2.3488,2023-08-26,2023-08-26T07:59,2023-08-26T21:46,0.8,0.0,14.0,21.3
Paris,48.85341,2.3488,2023-08-27,2023-08-27T08:00,2023-08-27T21:44,1.1,0.0,12.4,21.1
Paris,48.85341,2.3488,2023-08-28,2023-08-28T08:01,2023-08-28T21:42,1.7,0.0,13.4,20.7
Paris,48.85341,2.3488,2023-08-29,2023-08-29T08:03,2023-08-29T21:40,1.0,0.0,11.3,20.6
Paris,48.85341,2.3488,2023-08-30,2023-08-30T08:04,2023-08-30T21:38,2.6,0.0,12.9,20.0
Paris,48.85341,2.3488,2023-08-31,2023-08-31T08:06,2023-08-31T21:36,14.1,0.0,12.5,19.0
Paris,48.85341,2.3488,2023-09-01,2023-09-01T08:07,2023-09-01T21:34,5.3,0.0,16.6,23.3
Paris,48.85341,2.3488,2023-09-02,2023-09-02T08:08,2023-09-02T21:32,1.6,0.0,15.5,27.8
Paris,48.85341,2.3488,2023-09-03,2023-09-03T08:10,2023-09-03T21:30,0.0,0.0,17.4,29.7
Paris,48.85341,2.3488,2023-09-04,2023-09-04T08:11,2023-09-04T21:28,0.0,0.0,17.0,29.2
Paris,48.85341,2.3488,2023-09-05,2023-09-05T08:13,2023-09-05T21:26,0.0,0.0,17.8,32.0
Paris,48.85341,2.3488,2023-09-06,2023-09-06T08:14,2023-09-06T21:24,0.0,0.0,17.3,32.0
Paris,48.85341,2.3488,2023-09-07,2023-09-07T08:15,2023-09-07T21:21,0.0,0.0,14.9,30.8
Paris,48.85341,2.3488,2023-09-08,2023-09-08T08:17,2023-09-08T21:19,0.0,0.0,18.7,33.9
Paris,48.85341,2.3488,2023-09-09,2023-09-09T08:18,2023-09-09T21:17,0.0,0.0,19.1,33.9
Paris,48.85341,2.3488,2023-09-10,2023-09-10T08:20,2023-09-10T21:15,0.0,0.0,20.0,33.7
Paris,48.85341,2.3488,2023-09-11,2023-09-11T08:21,2023-09-11T21:13,0.7,0.0,18.9,26.8
Paris,48.85341,2.3488,2023-09-12,2023-09-12T08:23,2023-09-12T21:11,21.0,0.0,16.8,21.2
Paris,48.85341,2.3488,2023-09-13,2023-09-13T08:24,2023-09-13T21:09,1.2,0.0,16.4,21.6
Paris,48.85341,2.3488,2023-09-14,2023-09-14T08:25,2023-09-14T21:07,0.1,0.0,13.5,23.5
Paris,48.85341,2.3488,2023-09-15,2023-09-15T08:27,2023-09-15T21:05,0.0,0.0,12.8,26.2
Paris,48.85341,2.3488,2023-09-16,2023-09-16T08:28,2023-09-16T21:02,0.0,0.0,13.3,24.4
Paris,48.85341,2.3488,2023-09-17,2023-09-17T08:30,2023-09-17T21:00,3.9,0.0,17.1,24.5
Paris,48.85341,2.3488,2023-09-18,2023-09-18T08:31,2023-09-18T20:58,12.4,0.0,16.9,23.4
Paris,48.85341,2.3488,2023-09-19,2023-09-19T08:32,2023-09-19T20:56,0.0,0.0,13.0,21.2
Paris,48.85341,2.3488,2023-09-20,2023-09-20T08:34,2023-09-20T20:54,0.0,0.0,16.4,23.8
Paris,48.85341,2.3488,2023-09-21,2023-09-21T08:35,2023-09-21T20:52,18.1,0.0,14.2,20.9
Paris,48.85341,2.3488,2023-09-22,2023-09-22T08:37,2023-09-22T20:50,8.3,0.0,11.2,16.6
Paris,48.85341,2.3488,2023-09-23,2023-09-23T08:38,2023-09-23T20:48,0.2,0.0,10.5,17.2
Paris,48.85341,2.3488,2023-09-24,2023-09-24T08:40,2023-09-24T20:45,0.0,0.0,8.0,19.9
Paris,48.85341,2.3488,2023-09-25,2023-09-25T08:41,2023-09-25T20:43,0.0,0.0,9.3,22.8
Paris,48.85341,2.3488,2023-09-26,2023-09-26T08:42,2023-09-26T20:41,0.0,0.0,12.8,23.8
Paris,48.85341,2.3488,2023-09-27,2023-09-27T08:44,2023-09-27T20:39,0.0,0.0,12.2,25.2
Paris,48.85341,2.3488,2023-09-28,2023-09-28T08:45,2023-09-28T20:37,0.0,0.0,15.7,21.8
Paris,48.85341,2.3488,2023-09-29,2023-09-29T08:47,2023-09-29T20:35,0.1,0.0,14.6,21.5
Paris,48.85341,2.3488,2023-09-30,2023-09-30T08:48,2023-09-30T20:33,0.0,0.0,9.9,21.9
Paris,48.85341,2.3488,2023-10-01,2023-10-01T08:50,2023-10-01T20:30,0.0,0.0,12.3,25.7
Paris,48.85341,2.3488,2023-10-02,2023-10-02T08:51,2023-10-02T20:28,0.0,0.0,13.1,27.1
Paris,48.85341,2.3488,2023-10-03,2023-10-03T08:53,2023-10-03T20:26,6.6,0.0,13.5,22.0
Paris,48.85341,2.3488,2023-10-04,2023-10-04T08:54,2023-10-04T20:24,0.0,0.0,9.4,19.0
Paris,48.85341,2.3488,2023-10-05,2023-10-05T08:55,2023-10-05T20:22,0.0,0.0,9.2,19.2
Paris,48.85341,2.3488,2023-10-06,2023-10-06T08:57,2023-10-06T20:20,0.0,0.0,8.4,21.5
Paris,48.85341,2.3488,2023-10-07,2023-10-07T08:58,2023-10-07T20:18,0.0,0.0,9.9,23.9
Paris,48.85341,2.3488,2023-10-08,2023-10-08T09:00,2023-10-08T20:16,0.0,0.0,10.6,25.7
Paris,48.85341,2.3488,2023-10-09,2023-10-09T09:01,2023-10-09T20:14,0.0,0.0,10.9,24.5
Paris,48.85341,2.3488,2023-10-10,2023-10-10T09:03,2023-10-10T20:12,0.0,0.0,9.9,27.2
Paris,48.85341,2.3488,2023-10-11,2023-10-11T09:04,2023-10-11T20:10,0.0,0.0,12.3,24.7
Paris,48.85341,2.3488,2023-10-12,2023-10-12T09:06,2023-10-12T20:08,5.0,0.0,16.4,22.2
Paris,48.85341,2.3488,2023-10-13,2023-10-13T09:07,2023-10-13T20:06,0.0,0.0,17.3,25.2
Paris,48.85341,2.3488,2023-10-14,2023-10-14T09:09,2023-10-14T20:04,1.1,0.0,11.2,19.3
Paris,48.85341,2.3488,2023-10-15,2023-10-15T09:10,2023-10-15T20:02,0.1,0.0,7.6,13.5
Paris,48.85341,2.3488,2023-10-16,2023-10-16T09:12,2023-10-16T20:00,0.0,0.0,4.2,13.3
Paris,48.85341,2.3488,2023-10-17,2023-10-17T09:14,2023-10-17T19:58,0.0,0.0,4.8,16.3
Paris,48.85341,2.3488,2023-10-18,2023-10-18T09:15,2023-10-18T19:56,7.8,0.0,11.9,19.2
Paris,48.85341,2.3488,2023-10-19,2023-10-19T09:17,2023-10-19T19:54,5.7,0.0,14.7,21.1
Paris,48.85341,2.3488,2023-10-20,2023-10-20T09:18,2023-10-20T19:52,12.5,0.0,12.3,17.9
Paris,48.85341,2.3488,2023-10-21,2023-10-21T09:20,2023-10-21T19:50,6.2,0.0,10.9,15.2
Paris,48.85341,2.3488,2023-10-22,2023-10-22T09:21,2023-10-22T19:48,3.5,0.0,9.6,16.2
Paris,48.85341,2.3488,2023-10-23,2023-10-23T09:23,2023-10-23T19:47,5.7,0.0,8.0,12.0
Paris,48.85341,2.3488,2023-10-24,2023-10-24T09:24,2023-10-24T19:45,2.1,0.0,10.8,16.0
Paris,48.85341,2.3488,2023-10-25,2023-10-25T09:26,2023-10-25T19:43,12.6,0.0,11.4,14.9
Paris,48.85341,2.3488,2023-10-26,2023-10-26T09:27,2023-10-26T19:41,11.0,0.0,11.1,15.9
Paris,48.85341,2.3488,2023-10-27,2023-10-27T09:29,2023-10-27T19:40,9.4,0.0,10.1,15.2
Paris,48.85341,2.3488,2023-10-28,2023-10-28T09:31,2023-10-28T19:38,8.6,0.0,9.9,14.6
Paris,48.85341,2.3488,2023-10-29,2023-10-29T09:32,2023-10-29T19:36,2.5,0.0,11.8,16.2
Paris,48.85341,2.3488,2023-10-30,2023-10-30T09:34,2023-10-30T19:34,8.6,0.0,10.3,13.1
Paris,48.85341,2.3488,2023-10-31,2023-10-31T09:35,2023-10-31T19:33,0.3,0.0,8.1,14.9
Paris,48.85341,2.3488,2023-11-01,2023-11-01T09:37,2023-11-01T19:31,2.2,0.0,11.2,14.0
Paris,48.85341,2.3488,2023-11-02,2023-11-02T09:39,2023-11-02T19:29,3.5,0.0,9.8,13.9
Paris,48.85341,2.3488,2023-11-03,2023-11-03T09:40,2023-11-03T19:28,0.3,0.0,5.7,10.7
Paris,48.85341,2.3488,2023-11-04,2023-11-04T09:42,2023-11-04T19:26,12.3,0.0,7.5,14.1
Paris,48.85341,2.3488,2023-11-05,2023-11-05T09:43,2023-11-05T19:25,1.8,0.0,10.0,13.6
Paris,48.85341,2.3488,2023-11-06,2023-11-06T09:45,2023-11-06T19:23,1.0,0.0,7.8,13.2
Paris,48.85341,2.3488,2023-11-07,2023-11-07T09:47,2023-11-07T19:22,1.0,0.0,6.6,12.4
Paris,48.85341,2.3488,2023-11-08,2023-11-08T09:48,2023-11-08T19:20,4.0,0.0,6.4,12.4
Paris,48.85341,2.3488,2023-11-09,2023-11-09T09:50,2023-11-09T19:19,9.3,0.0,8.7,12.2
Paris,48.85341,2.3488,2023-11-10,2023-11-10T09:51,2023-11-10T19:17,0.4,0.0,6.6,11.5
Paris,48.85341,2.3488,2023-11-11,2023-11-11T09:53,2023-11-11T19:16,0.5,0.0,5.4,11.9
Paris,48.85341,2.3488,2023-11-12,2023-11-12T09:54,2023-11-12T19:15,10.0,0.0,6.2,13.7
Paris,48.85341,2.3488,2023-11-13,2023-11-13T09:56,2023-11-13T19:13,8.3,0.0,11.9,17.2
Paris,48.85341,2.3488,2023-11-14,2023-11-14T09:57,2023-11-14T19:12,2.0,0.0,10.6,13.6
Paris,48.85341,2.3488,2023-11-15,2023-11-15T09:59,2023-11-15T19:11,1.4,0.0,8.9,12.6
Paris,48.85341,2.3488,2023-11-16,2023-11-16T10:00,2023-11-16T19:10,15.2,0.0,7.4,10.7
Paris,48.85341,2.3488,2023-11-17,2023-11-17T10:02,2023-11-17T19:08,1.4,0.0,6.0,11.5
Paris,48.85341,2.3488,2023-11-18,2023-11-18T10:04,2023-11-18T19:07,13.7,0.0,8.1,14.1
Paris,48.85341,2.3488,2023-11-19,2023-11-19T10:05,2023-11-19T19:06,1.6,0.0,11.7,15.3
Paris,48.85341,2.3488,2023-11-20,2023-11-20T10:07,2023-11-20T19:05,7.7,0.0,9.7,12.6
Paris,48.85341,2.3488,2023-11-21,2023-11-21T10:08,2023-11-21T19:04,0.7,0.0,8.3,12.2
Paris,48.85341,2.3488,2023-11-22,2023-11-22T10:10,2023-11-22T19:03,0.0,0.0,4.4,9.3
Paris,48.85341,2.3488,2023-11-23,2023-11-23T10:11,2023-11-23T19:02,0.0,0.0,5.9,13.1
Paris,48.85341,2.3488,2023-11-24,2023-11-24T10:13,2023-11-24T19:01,0.5,0.0,4.2,11.5
Paris,48.85341,2.3488,2023-11-25,2023-11-25T10:14,2023-11-25T19:01,0.0,0.0,2.3,8.0
Paris,48.85341,2.3488,2023-11-26,2023-11-26T10:15,2023-11-26T19:00,0.0,0.0,-0.4,7.0
Paris,48.85341,2.3488,2023-11-27,2023-11-27T10:17,2023-11-27T18:59,6.2,0.0,4.4,9.3
Paris,48.85341,2.3488,2023-11-28,2023-11-28T10:18,2023-11-28T18:58,0.2,0.0,1.7,8.0
Paris,48.85341,2.3488,2023-11-29,2023-11-29T10:19,2023-11-29T18:58,0.0,0.0,0.8,8.4
Paris,48.85341,2.3488,2023-11-30,2023-11-30T10:21,2023-11-30T18:57,0.9,0.0,0.1,6.5
Paris,48.85341,2.3488,2023-12-01,2023-12-01T10:22,2023-12-01T18:57,0.2,0.0,-0.1,3.8
Paris,48.85341,2.3488,2023-12-02,2023-12-02T10:23,2023-12-02T18:56,0.0,0.0,-3.3,3.0
Paris,48.85341,2.3488,2023-12-03,2023-12-03T10:25,2023-12-03T18:56,0.0,0.07,-2.0,4.2
Paris,48.85341,2.3488,2023-12-04,2023-12-04T10:26,2023-12-04T18:55,8.7,3.64,1.9,9.7
Paris,48.85341,2.3488,2023-12-05,2023-12-05T10:27,2023-12-05T18:55,9.5,0.0,5.8,8.6
Paris,48.85341,2.3488,2023-12-06,2023-12-06T10:28,2023-12-06T18:54,0.1,0.0,3.0,7.7
Paris,48.85341,2.3488,2023-12-07,2023-12-07T10:29,2023-12-07T18:54,2.9,0.0,2.3,6.1
Paris,48.85341,2.3488,2023-12-08,2023-12-08T10:30,2023-12-08T18:54,8.1,0.0,5.3,10.5
Paris,48.85341,2.3488,2023-12-09,2023-12-09T10:31,2023-12-09T18:54,25.3,0.0,6.5,14.2
Paris,48.85341,2.3488,2023-12-10,2023-12-10T10:32,2023-12-10T18:54,1.8,0.0,7.0,13.3
Paris,48.85341,2.3488,2023-12-11,2023-12-11T10:33,2023-12-11T18:54,0.0,0.0,8.8,13.0
Paris,48.85341,2.3488,2023-12-12,2023-12-12T10:34,2023-12-12T18:54,6.4,0.0,8.6,12.9
Paris,48.85341,2.3488,2023-12-13,2023-12-13T10:35,2023-12-13T18:54,2.1,0.0,6.7,10.1
Paris,48.85341,2.3488,2023-12-14,2023-12-14T10:36,2023-12-14T18:54,0.3,0.0,6.5,8.4
Paris,48.85341,2.3488,2023-12-15,2023-12-15T10:37,2023-12-15T18:54,0.8,0.0,4.7,9.5
Paris,48.85341,2.3488,2023-12-16,2023-12-16T10:38,2023-12-16T18:54,0.0,0.0,1.3,9.8
Paris,48.85341,2.3488,2023-12-17,2023-12-17T10:38,2023-12-17T18:54,0.0,0.0,1.5,7.2
Paris,48.85341,2.3488,2023-12-18,2023-12-18T10:39,2023-12-18T18:55,0.0,0.0,1.1,3.8
Paris,48.85341,2.3488,2023-12-19,2023-12-19T10:40,2023-12-19T18:55,2.2,0.0,3.5,9.7
Paris,48.85341,2.3488,2023-12-20,2023-12-20T10:40,2023-12-20T18:55,1.0,0.0,4.9,10.1
Paris,48.85341,2.3488,2023-12-21,2023-12-21T10:41,2023-12-21T18:56,0.8,0.0,9.3,11.9
Paris,48.85341,2.3488,2023-12-22,2023-12-22T10:41,2023-12-22T18:56,1.1,0.0,9.4,11.0
Paris,48.85341,2.3488,2023-12-23,2023-12-23T10:42,2023-12-23T18:57,0.4,0.0,8.1,11.8
Paris,48.85341,2.3488,2023-12-24,2023-12-24T10:42,2023-12-24T18:57,0.2,0.0,8.3,11.4
Paris,48.85341,2.3488,2023-12-25,2023-12-25T10:42,2023-12-25T18:58,0.0,0.0,10.6,12.8
Paris,48.85341,2.3488,2023-12-26,2023-12-26T10:43,2023-12-26T18:59,0.4,0.0,10.0,11.6
Paris,48.85341,2.3488,2023-12-27,2023-12-27T10:43,2023-12-27T18:59,0.1,0.0,7.3,10.3
Paris,48.85341,2.3488,2023-12-28,2023-12-28T10:43,2023-12-28T19:00,2.1,0.0,8.8,12.2
Paris,48.85341,2.3488,2023-12-29,2023-12-29T10:43,2023-12-29T19:01,1.3,0.0,8.3,11.5
Paris,48.85341,2.3488,2023-12-30,2023-12-30T10:43,2023-12-30T19:02,0.1,0.0,7.7,11.7
Paris,48.85341,2.3488,2023-12-31,2023-12-31T10:44,2023-12-31T19:03,1.8,0.0,7.9,10.8
Paris,48.85341,2.3488,2024-01-01,2024-01-01T10:44,2024-01-01T19:04,0.9,0.0,5.9,9.9
Paris,48.85341,2.3488,2024-01-02,2024-01-02T10:43,2024-01-02T19:05,15.2,0.0,8.9,11.9
Paris,48.85341,2.3488,2024-01-03,2024-01-03T10:43,2024-01-03T19:06,2.1,0.0,8.8,12.0
Paris,48.85341,2.3488,2024-01-04,2024-01-04T10:43,2024-01-04T19:07,1.3,0.0,6.7,10.6
Paris,48.85341,2.3488,2024-01-05,2024-01-05T10:43,2024-01-05T19:08,0.0,0.0,4.8,10.5
Paris,48.85341,2.3488,2024-01-06,2024-01-06T10:43,2024-01-06T19:09,1.1,0.0,3.4,7.5
Paris,48.85341,2.3488,2024-01-07,2024-01-07T10:43,2024-01-07T19:10,0.6,0.0,1.9,5.0
Paris,48.85341,2.3488,2024-01-08,2024-01-08T10:42,2024-01-08T19:11,0.0,0.07,-3.9,1.5
Paris,48.85341,2.3488,2024-01-09,2024-01-09T10:42,2024-01-09T19:13,0.0,1.12,-2.4,-1.4
Paris,48.85341,2.3488,2024-01-10,2024-01-10T10:41,2024-01-10T19:14,0.0,0.0,-3.9,0.8
Paris,48.85341,2.3488,2024-01-11,2024-01-11T10:41,2024-01-11T19:15,0.0,0.0,-2.9,1.8
Paris,48.85341,2.3488,2024-01-12,2024-01-12T10:40,2024-01-12T19:16,0.0,0.0,-2.5,3.2
Paris,48.85341,2.3488,2024-01-13,2024-01-13T10:40,2024-01-13T19:18,0.0,0.0,-1.7,1.0
Paris,48.85341,2.3488,2024-01-14,2024-01-14T10:39,2024-01-14T19:19,0.0,0.0,-2.7,0.2
Paris,48.85341,2.3488,2024-01-15,2024-01-15T10:39,2024-01-15T19:20,0.3,0.07,-1.8,4.6
Paris,48.85341,2.3488,2024-01-16,2024-01-16T10:38,2024-01-16T19:22,0.0,0.0,-3.8,3.3
Paris,48.85341,2.3488,2024-01-17,2024-01-17T10:37,2024-01-17T19:23,26.3,0.0,-1.5,8.9
Paris,48.85341,2.3488,2024-01-18,2024-01-18T10:36,2024-01-18T19:25,3.3,3.01,-2.7,2.8
Paris,48.85341,2.3488,2024-01-19,2024-01-19T10:35,2024-01-19T19:26,0.0,0.0,-4.0,3.6
Paris,48.85341,2.3488,2024-01-20,2024-01-20T10:35,2024-01-20T19:28,0.0,0.0,-5.3,1.5
Paris,48.85341,2.3488,2024-01-21,2024-01-21T10:34,2024-01-21T19:29,0.1,0.0,-1.8,8.2
Paris,48.85341,2.3488,2024-01-22,2024-01-22T10:33,2024-01-22T19:31,6.2,0.0,7.5,12.3
Paris,48.85341,2.3488,2024-01-23,2024-01-23T10:32,2024-01-23T19:32,0.5,0.0,6.1,13.1
Paris,48.85341,2.3488,2024-01-24,2024-01-24T10:31,2024-01-24T19:34,0.5,0.0,10.5,13.5
Paris,48.85341,2.3488,2024-01-25,2024-01-25T10:29,2024-01-25T19:36,1.1,0.0,9.5,13.1
Paris,48.85341,2.3488,2024-01-26,2024-01-26T10:28,2024-01-26T19:37,1.0,0.0,2.3,12.0
Paris,48.85341,2.3488,2024-01-27,2024-01-27T10:27,2024-01-27T19:39,0.0,0.0,-2.0,7.4
Paris,48.85341,2.3488,2024-01-28,2024-01-28T10:26,2024-01-28T19:40,0.0,0.0,0.1,9.3
Paris,48.85341,2.3488,2024-01-29,2024-01-29T10:25,2024-01-29T19:42,0.0,0.0,5.6,12.8
Paris,48.85341,2.3488,2024-01-30,2024-01-30T10:23,2024-01-30T19:44,0.0,0.0,7.2,11.2
Paris,48.85341,2.3488,2024-01-31,2024-01-31T10:22,2024-01-31T19:45,0.0,0.0,2.5,11.4
Paris,48.85341,2.3488,2024-02-01,2024-02-01T10:21,2024-02-01T19:47,1.1,0.0,6.7,11.4
Paris,48.85341,2.3488,2024-02-02,2024-02-02T10:20,2024-02-02T19:48,0.0,0.0,3.4,9.1
Paris,48.85341,2.3488,2024-02-03,2024-02-03T10:18,2024-02-03T19:50,0.0,0.0,8.7,11.1
Paris,48.85341,2.3488,2024-02-04,2024-02-04T10:17,2024-02-04T19:52,0.0,0.0,8.8,12.1
Paris,48.85341,2.3488,2024-02-05,2024-02-05T10:15,2024-02-05T19:53,0.0,0.0,6.2,9.8
Paris,48.85341,2.3488,2024-02-06,2024-02-06T10:14,2024-02-06T19:55,0.0,0.0,7.5,12.3
Paris,48.85341,2.3488,2024-02-07,2024-02-07T10:12,2024-02-07T19:57,5.8,0.0,10.4,12.1
Paris,48.85341,2.3488,2024-02-08,2024-02-08T10:11,2024-02-08T19:58,7.3,0.0,11.3,13.5
Paris,48.85341,2.3488,2024-02-09,2024-02-09T10:09,2024-02-09T20:00,3.6,0.0,9.0,14.1
Paris,48.85341,2.3488,2024-02-10,2024-02-10T10:07,2024-02-10T20:02,7.4,0.0,5.7,9.9
Paris,48.85341,2.3488,2024-02-11,2024-02-11T10:06,2024-02-11T20:03,1.1,0.0,6.1,10.5
Paris,48.85341,2.3488,2024-02-12,2024-02-12T10:04,2024-02-12T20:05,0.8,0.0,4.3,10.5
Paris,48.85341,2.3488,2024-02-13,2024-02-13T10:02,2024-02-13T20:06,0.8,0.0,2.5,10.8
Paris,48.85341,2.3488,2024-02-14,2024-02-14T10:01,2024-02-14T20:08,1.6,0.0,9.1,14.7
Paris,48.85341,2.3488,2024-02-15,2024-02-15T09:59,2024-02-15T20:10,3.3,0.0,8.6,17.0
Paris,48.85341,2.3488,2024-02-16,2024-02-16T09:57,2024-02-16T20:11,4.7,0.0,8.2,14.0
Paris,48.85341,2.3488,2024-02-17,2024-02-17T09:55,2024-02-17T20:13,0.0,0.0,6.5,13.7
Paris,48.85341,2.3488,2024-02-18,2024-02-18T09:54,2024-02-18T20:15,6.2,0.0,6.4,11.7
Paris,48.85341,2.3488,2024-02-19,2024-02-19T09:52,2024-02-19T20:16,0.6,0.0,9.1,11.6
Paris,48.85341,2.3488,2024-02-20,2024-02-20T09:50,2024-02-20T20:18,0.0,0.0,6.8,10.8
Paris,48.85341,2.3488,2024-02-21,2024-02-21T09:48,2024-02-21T20:20,9.7,0.0,6.8,10.2
Paris,48.85341,2.3488,2024-02-22,2024-02-22T09:47,2024-02-22T20:21,16.7,0.0,6.9,14.2
Paris,48.85341,2.3488,2024-02-23,2024-02-23T09:45,2024-02-23T20:23,2.2,0.0,4.1,9.1
Paris,48.85341,2.3488,2024-02-24,2024-02-24T09:43,2024-02-24T20:24,3.6,0.0,2.0,8.8
Paris,48.85341,2.3488,2024-02-25,2024-02-25T09:41,2024-02-25T20:26,7.3,0.0,3.6,8.9
Paris,48.85341,2.3488,2024-02-26,2024-02-26T09:39,2024-02-26T20:28,10.5,0.0,5.3,9.5
Paris,48.85341,2.3488,2024-02-27,2024-02-27T09:37,2024-02-27T20:29,0.1,0.0,4.1,9.6
Paris,48.85341,2.3488,2024-02-28,2024-02-28T09:35,2024-02-28T20:31,0.0,0.0,0.2,10.9
Paris,48.85341,2.3488,2024-02-29,2024-02-29T09:33,2024-02-29T20:32,1.2,0.0,8.5,10.4
Paris,48.85341,2.3488,2024-03-01,2024-03-01T09:31,2024-03-01T20:34,4.7,0.0,4.2,10.9
Paris,48.85341,2.3488,2024-03-02,2024-03-02T09:29,2024-03-02T20:36,10.7,0.0,5.0,8.8
Paris,48.85341,2.3488,2024-03-03,2024-03-03T09:27,2024-03-03T20:37,4.4,0.0,4.3,8.8
Paris,48.85341,2.3488,2024-03-04,2024-03-04T09:25,2024-03-04T20:39,0.2,0.0,0.3,11.2
Paris,48.85341,2.3488,2024-03-05,2024-03-05T09:23,2024-03-05T20:40,6.9,0.0,5.2,9.5
Paris,48.85341,2.3488,2024-03-06,2024-03-06T09:21,2024-03-06T20:42,4.2,0.0,4.4,9.5
Paris,48.85341,2.3488,2024-03-07,2024-03-07T09:19,2024-03-07T20:43,0.0,0.0,1.1,12.8
Paris,48.85341,2.3488,2024-03-08,2024-03-08T09:17,2024-03-08T20:45,0.0,0.0,2.5,13.5
Paris,48.85341,2.3488,2024-03-09,2024-03-09T09:15,2024-03-09T20:47,4.2,0.0,6.0,13.5
Paris,48.85341,2.3488,2024-03-10,2024-03-10T09:13,2024-03-10T20:48,3.4,0.0,6.2,10.5
Paris,48.85341,2.3488,2024-03-11,2024-03-11T09:11,2024-03-11T20:50,1.6,0.0,4.0,12.1
Paris,48.85341,2.3488,2024-03-12,2024-03-12T09:09,2024-03-12T20:51,5.2,0.0,6.8,11.6
Paris,48.85341,2.3488,2024-03-13,2024-03-13T09:07,2024-03-13T20:53,0.0,0.0,9.2,14.3
Paris,48.85341,2.3488,2024-03-14,2024-03-14T09:05,2024-03-14T20:54,0.0,0.0,5.5,17.5
Paris,48.85341,2.3488,2024-03-15,2024-03-15T09:03,2024-03-15T20:56,5.7,0.0,11.7,16.0
Paris,48.85341,2.3488,2024-03-16,2024-03-16T09:00,2024-03-16T20:57,1.9,0.0,10.1,14.6
Paris,48.85341,2.3488,2024-03-17,2024-03-17T08:58,2024-03-17T20:59,4.5,0.0,9.0,15.5
Paris,48.85341,2.3488,2024-03-18,2024-03-18T08:56,2024-03-18T21:00,3.5,0.0,10.2,16.2
Paris,48.85341,2.3488,2024-03-19,2024-03-19T08:54,2024-03-19T21:02,0.0,0.0,6.7,17.2
Paris,48.85341,2.3488,2024-03-20,2024-03-20T08:52,2024-03-20T21:03,0.0,0.0,6.1,19.1
Paris,48.85341,2.3488,2024-03-21,2024-03-21T08:50,2024-03-21T21:05,0.0,0.0,7.4,18.1
Paris,48.85341,2.3488,2024-03-22,2024-03-22T08:48,2024-03-22T21:06,0.0,0.0,7.2,17.5
Paris,48.85341,2.3488,2024-03-23,2024-03-23T08:46,2024-03-23T21:08,8.1,0.21,5.1,10.8
Paris,48.85341,2.3488,2024-03-24,2024-03-24T08:43,2024-03-24T21:09,0.8,0.0,3.9,11.4
Paris,48.85341,2.3488,2024-03-25,2024-03-25T08:41,2024-03-25T21:11,0.0,0.0,1.6,12.9
Paris,48.85341,2.3488,2024-03-26,2024-03-26T08:39,2024-03-26T21:12,8.0,0.0,7.5,12.4
Paris,48.85341,2.3488,2024-03-27,2024-03-27T08:37,2024-03-27T21:14,1.3,0.0,5.0,12.5
Paris,48.85341,2.3488,2024-03-28,2024-03-28T08:35,2024-03-28T21:15,3.5,0.0,5.6,11.9
Paris,48.85341,2.3488,2024-03-29,2024-03-29T08:33,2024-03-29T21:17,7.6,0.0,8.4,13.2
Paris,48.85341,2.3488,2024-03-30,2024-03-30T08:31,2024-03-30T21:18,12.3,0.0,7.2,12.0
Paris,48.85341,2.3488,2024-03-31,2024-03-31T08:29,2024-03-31T21:20,2.4,0.0,6.1,14.0
Paris,48.85341,2.3488,2024-04-01,2024-04-01T08:27,2024-04-01T21:21,1.7,0.0,6.7,13.6
Paris,48.85341,2.3488,2024-04-02,2024-04-02T08:25,2024-04-02T21:23,0.5,0.0,7.5,13.9
Paris,48.85341,2.3488,2024-04-03,2024-04-03T08:23,2024-04-03T21:24,7.2,0.0,10.0,16.0
Paris,48.85341,2.3488,2024-04-04,2024-04-04T08:21,2024-04-04T21:26,10.8,0.0,11.9,18.0
Paris,48.85341,2.3488,2024-04-05,2024-04-05T08:19,2024-04-05T21:27,4.2,0.0,12.2,18.0
Paris,48.85341,2.3488,2024-04-06,2024-04-06T08:16,2024-04-06T21:29,0.0,0.0,12.6,24.0
Paris,48.85341,2.3488,2024-04-07,2024-04-07T08:14,2024-04-07T21:30,8.5,0.0,13.8,17.1
Paris,48.85341,2.3488,2024-04-08,2024-04-08T08:12,2024-04-08T21:32,10.4,0.0,8.3,21.3
Paris,48.85341,2.3488,2024-04-09,2024-04-09T08:10,2024-04-09T21:33,1.2,0.0,7.7,13.6
Paris,48.85341,2.3488,2024-04-10,2024-04-10T08:08,2024-04-10T21:35,0.0,0.0,5.1,15.7
Paris,48.85341,2.3488,2024-04-11,2024-04-11T08:06,2024-04-11T21:36,0.5,0.0,9.6,17.7
Paris,48.85341,2.3488,2024-04-12,2024-04-12T08:04,2024-04-12T21:38,0.0,0.0,9.7,22.2
Paris,48.85341,2.3488,2024-04-13,2024-04-13T08:02,2024-04-13T21:39,0.0,0.0,10.4,24.2
Paris,48.85341,2.3488,2024-04-14,2024-04-14T08:00,2024-04-14T21:41,0.0,0.0,9.7,20.0
Paris,48.85341,2.3488,2024-04-15,2024-04-15T07:58,2024-04-15T21:42,2.8,0.0,6.9,13.4
Paris,48.85341,2.3488,2024-04-16,2024-04-16T07:56,2024-04-16T21:44,2.8,0.0,6.7,13.0
Paris,48.85341,2.3488,2024-04-17,2024-04-17T07:54,2024-04-17T21:45,1.3,0.0,4.6,11.9
Paris,48.85341,2.3488,2024-04-18,2024-04-18T07:52,2024-04-18T21:47,0.7,0.0,2.8,12.0
Paris,48.85341,2.3488,2024-04-19,2024-04-19T07:50,2024-04-19T21:48,0.8,0.0,6.8,12.3
Paris,48.85341,2.3488,2024-04-20,2024-04-20T07:49,2024-04-20T21:50,0.1,0.0,3.5,10.3
Paris,48.85341,2.3488,2024-04-21,2024-04-21T07:47,2024-04-21T21:51,1.7,0.0,3.1,10.5
Paris,48.85341,2.3488,2024-04-22,2024-04-22T07:45,2024-04-22T21:53,0.6,0.0,2.5,10.5
Paris,48.85341,2.3488,2024-04-23,2024-04-23T07:43,2024-04-23T21:54,0.0,0.0,1.2,11.3
Paris,48.85341,2.3488,2024-04-24,2024-04-24T07:41,2024-04-24T21:56,1.2,0.0,5.5,10.7
Paris,48.85341,2.3488,2024-04-25,2024-04-25T07:39,2024-04-25T21:57,0.2,0.0,1.3,12.2
Paris,48.85341,2.3488,2024-04-26,2024-04-26T07:38,2024-04-26T21:59,3.0,0.0,4.2,15.3
Paris,48.85341,2.3488,2024-04-27,2024-04-27T07:36,2024-04-27T22:00,15.5,0.0,8.4,15.9
Paris,48.85341,2.3488,2024-04-28,2024-04-28T07:34,2024-04-28T22:01,4.6,0.0,9.6,15.5
Paris,48.85341,2.3488,2024-04-29,2024-04-29T07:32,2024-04-29T22:03,0.4,0.0,5.7,17.7
Paris,48.85341,2.3488,2024-04-30,2024-04-30T07:31,2024-04-30T22:04,5.1,0.0,10.2,18.5
Paris,48.85341,2.3488,2024-05-01,2024-05-01T07:29,2024-05-01T22:06,5.2,0.0,11.6,19.4
Paris,48.85341,2.3488,2024-05-02,2024-05-02T07:27,2024-05-02T22:07,7.4,0.0,10.7,15.1
Paris,48.85341,2.3488,2024-05-03,2024-05-03T07:26,2024-05-03T22:09,2.6,0.0,8.8,15.6
Paris,48.85341,2.3488,2024-05-04,2024-05-04T07:24,2024-05-04T22:10,0.7,0.0,6.5,15.0
Paris,48.85341,2.3488,2024-05-05,2024-05-05T07:22,2024-05-05T22:12,1.7,0.0,8.4,17.4
Paris,48.85341,2.3488,2024-05-06,2024-05-06T07:21,2024-05-06T22:13,3.5,0.0,11.0,17.1
Paris,48.85341,2.3488,2024-05-07,2024-05-07T07:19,2024-05-07T22:15,1.1,0.0,8.2,18.6
Paris,48.85341,2.3488,2024-05-08,2024-05-08T07:18,2024-05-08T22:16,0.0,0.0,8.2,16.3
Paris,48.85341,2.3488,2024-05-09,2024-05-09T07:16,2024-05-09T22:17,0.0,0.0,7.2,19.4
Paris,48.85341,2.3488,2024-05-10,2024-05-10T07:15,2024-05-10T22:19,0.0,0.0,9.3,22.5
Paris,48.85341,2.3488,2024-05-11,2024-05-11T07:13,2024-05-11T22:20,0.0,0.0,10.0,24.7
Paris,48.85341,2.3488,2024-05-12,2024-05-12T07:12,2024-05-12T22:21,8.3,0.0,11.8,24.1
Paris,48.85341,2.3488,2024-05-13,2024-05-13T07:11,2024-05-13T22:23,0.0,0.0,14.4,20.8
Paris,48.85341,2.3488,2024-05-14,2024-05-14T07:09,2024-05-14T22:24,16.9,0.0,13.4,16.7
Paris,48.85341,2.3488,2024-05-15,2024-05-15T07:08,2024-05-15T22:26,2.5,0.0,12.1,19.0
Paris,48.85341,2.3488,2024-05-16,2024-05-16T07:07,2024-05-16T22:27,3.2,0.0,11.8,18.3
Paris,48.85341,2.3488,2024-05-17,2024-05-17T07:05,2024-05-17T22:28,0.2,0.0,10.0,18.4
Paris,48.85341,2.3488,2024-05-18,2024-05-18T07:04,2024-05-18T22:29,7.1,0.0,11.3,20.3
Paris,48.85341,2.3488,2024-05-19,2024-05-19T07:03,2024-05-19T22:31,2.0,0.0,11.5,19.0
Paris,48.85341,2.3488,2024-05-20,2024-05-20T07:02,2024-05-20T22:32,9.8,0.0,11.1,21.3
Paris,48.85341,2.3488,2024-05-21,2024-05-21T07:01,2024-05-21T22:33,13.9,0.0,11.7,19.2
Paris,48.85341,2.3488,2024-05-22,2024-05-22T07:00,2024-05-22T22:35,4.2,0.0,11.1,18.8
Paris,48.85341,2.3488,2024-05-23,2024-05-23T06:59,2024-05-23T22:36,8.0,0.0,11.6,18.8
Paris,48.85341,2.3488,2024-05-24,2024-05-24T06:58,2024-05-24T22:37,3.2,0.0,10.4,18.6
Paris,48.85341,2.3488,2024-05-25,2024-05-25T06:57,2024-05-25T22:38,1.1,0.0,10.6,20.3
Paris,48.85341,2.3488,2024-05-26,2024-05-26T06:56,2024-05-26T22:39,3.6,0.0,14.4,20.6
Paris,48.85341,2.3488,2024-05-27,2024-05-27T06:55,2024-05-27T22:40,1.8,0.0,11.7,16.7
Paris,48.85341,2.3488,2024-05-28,2024-05-28T06:54,2024-05-28T22:41,2.0,0.0,10.0,16.8
Paris,48.85341,2.3488,2024-05-29,2024-05-29T06:53,2024-05-29T22:43,17.5,0.0,13.8,17.3
Paris,48.85341,2.3488,2024-05-30,2024-05-30T06:52,2024-05-30T22:44,6.1,0.0,11.9,16.5
Paris,48.85341,2.3488,2024-05-31,2024-05-31T06:52,2024-05-31T22:45,3.6,0.0,10.8,17.3
Paris,48.85341,2.3488,2024-06-01,2024-06-01T06:51,2024-06-01T22:45,2.4,0.0,12.0,14.9
Paris,48.85341,2.3488,2024-06-02,2024-06-02T06:50,2024-06-02T22:46,0.0,0.0,12.4,17.4
Paris,48.85341,2.3488,2024-06-03,2024-06-03T06:50,2024-06-03T22:47,0.0,0.0,7.8,19.9
Paris,48.85341,2.3488,2024-06-04,2024-06-04T06:49,2024-06-04T22:48,1.3,0.0,11.9,22.0
Paris,48.85341,2.3488,2024-06-05,2024-06-05T06:49,2024-06-05T22:49,0.4,0.0,13.3,18.6
Paris,48.85341,2.3488,2024-06-06,2024-06-06T06:48,2024-06-06T22:50,0.0,0.0,8.5,19.6
Paris,48.85341,2.3488,2024-06-07,2024-06-07T06:48,2024-06-07T22:51,0.0,0.0,8.3,20.4
Paris,48.85341,2.3488,2024-06-08,2024-06-08T06:48,2024-06-08T22:51,0.0,0.0,8.4,21.2
Paris,48.85341,2.3488,2024-06-09,2024-06-09T06:47,2024-06-09T22:52,0.0,0.0,8.8,20.2
Paris,48.85341,2.3488,2024-06-10,2024-06-10T06:47,2024-06-10T22:53,3.0,0.0,9.7,16.6
Paris,48.85341,2.3488,2024-06-11,2024-06-11T06:47,2024-06-11T22:53,0.4,0.0,6.8,16.8
Paris,48.85341,2.3488,2024-06-12,2024-06-12T06:47,2024-06-12T22:54,2.9,0.0,6.6,17.3
Paris,48.85341,2.3488,2024-06-13,2024-06-13T06:47,2024-06-13T22:55,0.5,0.0,8.7,19.5
Paris,48.85341,2.3488,2024-06-14,2024-06-14T06:46,2024-06-14T22:55,3.8,0.0,13.1,21.2
Paris,48.85341,2.3488,2024-06-15,2024-06-15T06:46,2024-06-15T22:56,1.7,0.0,11.2,17.5
Paris,48.85341,2.3488,2024-06-16,2024-06-16T06:46,2024-06-16T22:56,4.7,0.0,13.0,19.7
Paris,48.85341,2.3488,2024-06-17,2024-06-17T06:46,2024-06-17T22:56,7.9,0.0,13.7,21.7
Paris,48.85341,2.3488,2024-06-18,2024-06-18T06:47,2024-06-18T22:57,21.4,0.0,14.8,22.2
Paris,48.85341,2.3488,2024-06-19,2024-06-19T06:47,2024-06-19T22:57,1.8,0.0,14.7,21.3
Paris,48.85341,2.3488,2024-06-20,2024-06-20T06:47,2024-06-20T22:57,1.7,0.0,14.8,22.1
Paris,48.85341,2.3488,2024-06-21,2024-06-21T06:47,2024-06-21T22:57,18.7,0.0,15.7,21.9
Paris,48.85341,2.3488,2024-06-22,2024-06-22T06:47,2024-06-22T22:58,3.7,0.0,13.7,19.6
Paris,48.85341,2.3488,2024-06-23,2024-06-23T06:48,2024-06-23T22:58,0.0,0.0,10.6,23.8
Paris,48.85341,2.3488,2024-06-24,2024-06-24T06:48,2024-06-24T22:58,0.0,0.0,12.9,26.0
Paris,48.85341,2.3488,2024-06-25,2024-06-25T06:48,2024-06-25T22:58,0.0,0.0,16.0,27.6
Paris,48.85341,2.3488,2024-06-26,2024-06-26T06:49,2024-06-26T22:58,0.0,0.0,17.1,29.5
Paris,48.85341,2.3488,2024-06-27,2024-06-27T06:49,2024-06-27T22:58,0.2,0.0,18.2,28.5
Paris,48.85341,2.3488,2024-06-28,2024-06-28T06:50,2024-06-28T22:58,0.0,0.0,14.4,22.0
Paris,48.85341,2.3488,2024-06-29,2024-06-29T06:50,2024-06-29T22:57,31.8,0.0,12.7,22.5
Paris,48.85341,2.3488,2024-06-30,2024-06-30T06:51,2024-06-30T22:57,4.1,0.0,14.2,22.2
Paris,48.85341,2.3488,2024-07-01,2024-07-01T06:52,2024-07-01T22:57,1.5,0.0,15.1,19.9
Paris,48.85341,2.3488,2024-07-02,2024-07-02T06:52,2024-07-02T22:57,1.2,0.0,14.0,19.9
Paris,48.85341,2.3488,2024-07-03,2024-07-03T06:53,2024-07-03T22:56,0.2,0.0,11.7,20.3
Paris,48.85341,2.3488,2024-07-04,2024-07-04T06:54,2024-07-04T22:56,0.4,0.0,15.3,21.3
Paris,48.85341,2.3488,2024-07-05,2024-07-05T06:55,2024-07-05T22:56,0.1,0.0,12.0,23.8
Paris,48.85341,2.3488,2024-07-06,2024-07-06T06:55,2024-07-06T22:55,0.1,0.0,15.0,20.7
Paris,48.85341,2.3488,2024-07-07,2024-07-07T06:56,2024-07-07T22:55,0.1,0.0,10.3,20.8
Paris,48.85341,2.3488,2024-07-08,2024-07-08T06:57,2024-07-08T22:54,0.0,0.0,10.7,22.2
Paris,48.85341,2.3488,2024-07-09,2024-07-09T06:58,2024-07-09T22:54,2.6,0.0,15.9,27.6
Paris,48.85341,2.3488,2024-07-10,2024-07-10T06:59,2024-07-10T22:53,0.5,0.0,17.3,25.3
Paris,48.85341,2.3488,2024-07-11,2024-07-11T07:00,2024-07-11T22:52,0.3,0.0,14.8,23.9
Paris,48.85341,2.3488,2024-07-12,2024-07-12T07:01,2024-07-12T22:51,9.9,0.0,14.4,19.2
Paris,48.85341,2.3488,2024-07-13,2024-07-13T07:02,2024-07-13T22:51,5.7,0.0,13.3,20.9
Paris,48.85341,2.3488,2024-07-14,2024-07-14T07:03,2024-07-14T22:50,0.1,0.0,12.1,22.5
Paris,48.85341,2.3488,2024-07-15,2024-07-15T07:04,2024-07-15T22:49,1.1,0.0,13.0,27.0
Paris,48.85341,2.3488,2024-07-16,2024-07-16T07:05,2024-07-16T22:48,0.8,0.0,15.6,22.7
Paris,48.85341,2.3488,2024-07-17,2024-07-17T07:06,2024-07-17T22:47,0.0,0.0,13.2,24.4
Paris,48.85341,2.3488,2024-07-18,2024-07-18T07:07,2024-07-18T22:46,0.0,0.0,14.7,29.0
Paris,48.85341,2.3488,2024-07-19,2024-07-19T07:08,2024-07-19T22:45,0.2,0.0,17.8,31.8
Paris,48.85341,2.3488,2024-07-20,2024-07-20T07:09,2024-07-20T22:44,5.2,0.0,18.7,30.2
Paris,48.85341,2.3488,2024-07-21,2024-07-21T07:11,2024-07-21T22:43,10.0,0.0,18.6,25.3
Paris,48.85341,2.3488,2024-07-22,2024-07-22T07:12,2024-07-22T22:42,0.0,0.0,14.5,24.5
Paris,48.85341,2.3488,2024-07-23,2024-07-23T07:13,2024-07-23T22:41,1.9,0.0,18.5,23.7
Paris,48.85341,2.3488,2024-07-24,2024-07-24T07:14,2024-07-24T22:39,0.0,0.0,13.8,24.4
Paris,48.85341,2.3488,2024-07-25,2024-07-25T07:16,2024-07-25T22:38,0.0,0.0,15.6,27.9
Paris,48.85341,2.3488,2024-07-26,2024-07-26T07:17,2024-07-26T22:37,4.3,0.0,19.1,23.6
Paris,48.85341,2.3488,2024-07-27,2024-07-27T07:18,2024-07-27T22:36,8.6,0.0,16.6,19.8
Paris,48.85341,2.3488,2024-07-28,2024-07-28T07:19,2024-07-28T22:34,0.0,0.0,11.2,24.4
Paris,48.85341,2.3488,2024-07-29,2024-07-29T07:21,2024-07-29T22:33,0.0,0.0,14.4,29.1
Paris,48.85341,2.3488,2024-07-30,2024-07-30T07:22,2024-07-30T22:32,0.0,0.0,19.5,33.6
Paris,48.85341,2.3488,2024-07-31,2024-07-31T07:23,2024-07-31T22:30,7.1,0.0,21.5,31.2
Paris,48.85341,2.3488,2024-08-01,2024-08-01T07:25,2024-08-01T22:29,29.4,0.0,20.3,28.6
Paris,48.85341,2.3488,2024-08-02,2024-08-02T07:26,2024-08-02T22:27,2.7,0.0,18.5,27.2
Paris,48.85341,2.3488,2024-08-03,2024-08-03T07:27,2024-08-03T22:26,0.3,0.0,15.0,24.1
Paris,48.85341,2.3488,2024-08-04,2024-08-04T07:29,2024-08-04T22:24,0.3,0.0,16.2,23.4
Paris,48.85341,2.3488,2024-08-05,2024-08-05T07:30,2024-08-05T22:23,0.0,0.0,13.4,27.5
Paris,48.85341,2.3488,2024-08-06,2024-08-06T07:31,2024-08-06T22:21,0.0,0.0,15.5,28.2
Paris,48.85341,2.3488,2024-08-07,2024-08-07T07:33,2024-08-07T22:19,2.8,0.0,16.5,23.3
Paris,48.85341,2.3488,2024-08-08,2024-08-08T07:34,2024-08-08T22:18,0.1,0.0,16.8,27.1
Paris,48.85341,2.3488,2024-08-09,2024-08-09T07:36,2024-08-09T22:16,0.0,0.0,18.1,25.2
Paris,48.85341,2.3488,2024-08-10,2024-08-10T07:37,2024-08-10T22:14,0.0,0.0,14.7,27.7
Paris,48.85341,2.3488,2024-08-11,2024-08-11T07:38,2024-08-11T22:12,0.0,0.0,17.3,31.7
Paris,48.85341,2.3488,2024-08-12,2024-08-12T07:40,2024-08-12T22:11,0.0,0.0,20.8,35.2
Paris,48.85341,2.3488,2024-08-13,2024-08-13T07:41,2024-08-13T22:09,1.2,0.0,19.9,27.5
Paris,48.85341,2.3488,2024-08-14,2024-08-14T07:43,2024-08-14T22:07,9.1,0.0,19.4,26.1
Paris,48.85341,2.3488,2024-08-15,2024-08-15T07:44,2024-08-15T22:05,0.7,0.0,18.2,25.9
Paris,48.85341,2.3488,2024-08-16,2024-08-16T07:45,2024-08-16T22:04,0.1,0.0,16.8,25.4
Paris,48.85341,2.3488,2024-08-17,2024-08-17T07:47,2024-08-17T22:02,33.4,0.0,18.4,22.2
Paris,48.85341,2.3488,2024-08-18,2024-08-18T07:48,2024-08-18T22:00,10.7,0.0,14.0,22.0
Paris,48.85341,2.3488,2024-08-19,2024-08-19T07:50,2024-08-19T21:58,0.0,0.0,10.7,22.2
Paris,48.85341,2.3488,2024-08-20,2024-08-20T07:51,2024-08-20T21:56,16.2,0.0,14.0,23.7
Paris,48.85341,2.3488,2024-08-21,2024-08-21T07:52,2024-08-21T21:54,0.0,0.0,12.0,21.0
Paris,48.85341,2.3488,2024-08-22,2024-08-22T07:54,2024-08-22T21:52,0.0,0.0,11.9,24.5
Paris,48.85341,2.3488,2024-08-23,2024-08-23T07:55,2024-08-23T21:50,0.1,0.0,15.7,24.9
Paris,48.85341,2.3488,2024-08-24,2024-08-24T07:57,2024-08-24T21:48,2.9,0.0,17.3,29.1
Paris,48.85341,2.3488,2024-08-25,2024-08-25T07:58,2024-08-25T21:47,0.0,0.0,11.7,21.3
Paris,48.85341,2.3488,2024-08-26,2024-08-26T08:00,2024-08-26T21:45,0.0,0.0,12.2,23.3
Paris,48.85341,2.3488,2024-08-27,2024-08-27T08:01,2024-08-27T21:43,0.0,0.0,12.0,26.0
Paris,48.85341,2.3488,2024-08-28,2024-08-28T08:02,2024-08-28T21:40,0.0,0.0,13.0,30.7
Paris,48.85341,2.3488,2024-08-29,2024-08-29T08:04,2024-08-29T21:38,1.0,0.0,16.2,25.3
Paris,48.85341,2.3488,2024-08-30,2024-08-30T08:05,2024-08-30T21:36,13.3,0.0,15.2,21.7
Paris,48.85341,2.3488,2024-08-31,2024-08-31T08:07,2024-08-31T21:34,0.9,0.0,15.1,25.5
Paris,48.85341,2.3488,2024-09-01,2024-09-01T08:08,2024-09-01T21:32,0.2,0.0,18.5,27.7
Paris,48.85341,2.3488,2024-09-02,2024-09-02T08:09,2024-09-02T21:30,0.3,0.0,17.6,24.5
Paris,48.85341,2.3488,2024-09-03,2024-09-03T08:11,2024-09-03T21:28,7.5,0.0,16.9,22.1
Paris,48.85341,2.3488,2024-09-04,2024-09-04T08:12,2024-09-04T21:26,1.6,0.0,15.4,21.7
Paris,48.85341,2.3488,2024-09-05,2024-09-05T08:14,2024-09-05T21:24,29.2,0.0,14.5,17.8
Paris,48.85341,2.3488,2024-09-06,2024-09-06T08:15,2024-09-06T21:22,0.3,0.0,11.2,22.7
Paris,48.85341,2.3488,2024-09-07,2024-09-07T08:17,2024-09-07T21:20,6.0,0.0,15.6,23.4
Paris,48.85341,2.3488,2024-09-08,2024-09-08T08:18,2024-09-08T21:18,5.6,0.0,12.7,20.6
Paris,48.85341,2.3488,2024-09-09,2024-09-09T08:19,2024-09-09T21:16,1.3,0.0,14.7,20.1
Paris,48.85341,2.3488,2024-09-10,2024-09-10T08:21,2024-09-10T21:14,0.1,0.0,11.3,17.8
Paris,48.85341,2.3488,2024-09-11,2024-09-11T08:22,2024-09-11T21:12,4.7,0.0,11.8,16.5
Paris,48.85341,2.3488,2024-09-12,2024-09-12T08:24,2024-09-12T21:09,2.0,0.0,8.1,15.5
Paris,48.85341,2.3488,2024-09-13,2024-09-13T08:25,2024-09-13T21:07,1.9,0.0,7.0,16.7
Paris,48.85341,2.3488,2024-09-14,2024-09-14T08:26,2024-09-14T21:05,0.0,0.0,6.9,16.6
Paris,48.85341,2.3488,2024-09-15,2024-09-15T08:28,2024-09-15T21:03,0.0,0.0,6.0,18.4
Paris,48.85341,2.3488,2024-09-16,2024-09-16T08:29,2024-09-16T21:01,0.4,0.0,9.8,19.1
Paris,48.85341,2.3488,2024-09-17,2024-09-17T08:31,2024-09-17T20:59,0.0,0.0,11.7,20.9
Paris,48.85341,2.3488,2024-09-18,2024-09-18T08:32,2024-09-18T20:57,0.5,0.0,13.4,23.6
Paris,48.85341,2.3488,2024-09-19,2024-09-19T08:33,2024-09-19T20:54,0.0,0.0,14.9,24.9
Paris,48.85341,2.3488,2024-09-20,2024-09-20T08:35,2024-09-20T20:52,4.6,0.0,12.6,20.8
Paris,48.85341,2.3488,2024-09-21,2024-09-21T08:36,2024-09-21T20:50,0.5,0.0,13.0,23.2
Paris,48.85341,2.3488,2024-09-22,2024-09-22T08:38,2024-09-22T20:48,10.8,0.0,15.5,20.6
Paris,48.85341,2.3488,2024-09-23,2024-09-23T08:39,2024-09-23T20:46,11.9,0.0,13.4,19.3
Paris,48.85341,2.3488,2024-09-24,2024-09-24T08:41,2024-09-24T20:44,1.4,0.0,12.6,18.1
Paris,48.85341,2.3488,2024-09-25,2024-09-25T08:42,2024-09-25T20:42,15.5,0.0,12.6,17.3
Paris,48.85341,2.3488,2024-09-26,2024-09-26T08:43,2024-09-26T20:39,12.0,0.0,14.6,18.5
Paris,48.85341,2.3488,2024-09-27,2024-09-27T08:45,2024-09-27T20:37,1.0,0.0,11.8,15.8
Paris,48.85341,2.3488,2024-09-28,2024-09-28T08:46,2024-09-28T20:35,1.2,0.0,7.3,13.8
Paris,48.85341,2.3488,2024-09-29,2024-09-29T08:48,2024-09-29T20:33,0.0,0.0,4.7,14.9
Paris,48.85341,2.3488,2024-09-30,2024-09-30T08:49,2024-09-30T20:31,0.4,0.0,11.1,18.0
Paris,48.85341,2.3488,2024-10-01,2024-10-01T08:51,2024-10-01T20:29,0.1,0.0,11.5,17.4
Paris,48.85341,2.3488,2024-10-02,2024-10-02T08:52,2024-10-02T20:27,1.6,0.0,11.4,16.5
Paris,48.85341,2.3488,2024-10-03,2024-10-03T08:54,2024-10-03T20:25,0.1,0.0,9.1,14.2
Paris,48.85341,2.3488,2024-10-04,2024-10-04T08:55,2024-10-04T20:23,0.0,0.0,5.1,15.3
Paris,48.85341,2.3488,2024-10-05,2024-10-05T08:57,2024-10-05T20:21,0.0,0.0,4.6,16.4
Paris,48.85341,2.3488,2024-10-06,2024-10-06T08:58,2024-10-06T20:19,4.2,0.0,9.7,16.6
Paris,48.85341,2.3488,2024-10-07,2024-10-07T09:00,2024-10-07T20:17,11.8,0.0,13.7,17.8
Paris,48.85341,2.3488,2024-10-08,2024-10-08T09:01,2024-10-08T20:14,0.5,0.0,12.9,19.1
Paris,48.85341,2.3488,2024-10-09,2024-10-09T09:03,2024-10-09T20:12,54.5,0.0,13.1,17.0
Paris,48.85341,2.3488,2024-10-10,2024-10-10T09:04,2024-10-10T20:10,2.5,0.0,10.7,15.4
Paris,48.85341,2.3488,2024-10-11,2024-10-11T09:06,2024-10-11T20:08,0.0,0.0,5.8,13.8
Paris,48.85341,2.3488,2024-10-12,2024-10-12T09:07,2024-10-12T20:06,1.8,0.0,7.3,15.8
Paris,48.85341,2.3488,2024-10-13,2024-10-13T09:09,2024-10-13T20:04,0.0,0.0,8.7,14.9
Paris,48.85341,2.3488,2024-10-14,2024-10-14T09:10,2024-10-14T20:02,0.1,0.0,10.0,21.4
Paris,48.85341,2.3488,2024-10-15,2024-10-15T09:12,2024-10-15T20:00,0.2,0.0,11.0,20.2
Paris,48.85341,2.3488,2024-10-16,2024-10-16T09:13,2024-10-16T19:58,4.7,0.0,15.3,24.6
Paris,48.85341,2.3488,2024-10-17,2024-10-17T09:15,2024-10-17T19:56,13.8,0.0,15.8,18.3
Paris,48.85341,2.3488,2024-10-18,2024-10-18T09:16,2024-10-18T19:55,7.7,0.0,13.4,15.9
Paris,48.85341,2.3488,2024-10-19,2024-10-19T09:18,2024-10-19T19:53,2.7,0.0,11.1,16.6
Paris,48.85341,2.3488,2024-10-20,2024-10-20T09:19,2024-10-20T19:51,0.7,0.0,10.7,18.4
Paris,48.85341,2.3488,2024-10-21,2024-10-21T09:21,2024-10-21T19:49,1.5,0.0,13.2,21.0
Paris,48.85341,2.3488,2024-10-22,2024-10-22T09:22,2024-10-22T19:47,0.1,0.0,9.7,16.6
Paris,48.85341,2.3488,2024-10-23,2024-10-23T09:24,2024-10-23T19:45,0.0,0.0,7.7,16.6
Paris,48.85341,2.3488,2024-10-24,2024-10-24T09:25,2024-10-24T19:44,0.0,0.0,6.2,17.9
Paris,48.85341,2.3488,2024-10-25,2024-10-25T09:27,2024-10-25T19:42,1.9,0.0,12.0,19.5
Paris,48.85341,2.3488,2024-10-26,2024-10-26T09:29,2024-10-26T19:40,5.2,0.0,12.3,18.1
Paris,48.85341,2.3488,2024-10-27,2024-10-27T09:30,2024-10-27T19:38,2.7,0.0,13.1,16.3
Paris,48.85341,2.3488,2024-10-28,2024-10-28T09:32,2024-10-28T19:36,0.1,0.0,10.3,17.6
Paris,48.85341,2.3488,2024-10-29,2024-10-29T09:33,2024-10-29T19:35,0.0,0.0,8.0,14.7
Paris,48.85341,2.3488,2024-10-30,2024-10-30T09:35,2024-10-30T19:33,0.0,0.0,10.2,15.2
Paris,48.85341,2.3488,2024-10-31,2024-10-31T09:37,2024-10-31T19:31,0.0,0.0,10.0,15.8
Paris,48.85341,2.3488,2024-11-01,2024-11-01T09:38,2024-11-01T19:30,0.0,0.0,9.6,12.0
Paris,48.85341,2.3488,2024-11-02,2024-11-02T09:40,2024-11-02T19:28,0.7,0.0,9.3,12.7
Paris,48.85341,2.3488,2024-11-03,2024-11-03T09:41,2024-11-03T19:26,0.0,0.0,7.5,13.0
Paris,48.85341,2.3488,2024-11-04,2024-11-04T09:43,2024-11-04T19:25,0.0,0.0,7.1,14.5
Paris,48.85341,2.3488,2024-11-05,2024-11-05T09:45,2024-11-05T19:23,0.0,0.0,6.0,13.2
Paris,48.85341,2.3488,2024-11-06,2024-11-06T09:46,2024-11-06T19:22,0.0,0.0,8.3,12.3
Paris,48.85341,2.3488,2024-11-07,2024-11-07T09:48,2024-11-07T19:20,0.0,0.0,10.0,13.6
Paris,48.85341,2.3488,2024-11-08,2024-11-08T09:49,2024-11-08T19:19,0.0,0.0,8.3,11.5
Paris,48.85341,2.3488,2024-11-09,2024-11-09T09:51,2024-11-09T19:18,0.0,0.0,8.5,13.6
Paris,48.85341,2.3488,2024-11-10,2024-11-10T09:52,2024-11-10T19:16,0.5,0.0,7.8,12.0
Paris,48.85341,2.3488,2024-11-11,2024-11-11T09:54,2024-11-11T19:15,0.5,0.0,5.2,13.4
Paris,48.85341,2.3488,2024-11-12,2024-11-12T09:55,2024-11-12T19:14,2.1,0.0,7.1,10.7
Paris,48.85341,2.3488,2024-11-13,2024-11-13T09:57,2024-11-13T19:12,0.0,0.0,6.2,9.0
Paris,48.85341,2.3488,2024-11-14,2024-11-14T09:59,2024-11-14T19:11,0.0,0.0,4.4,12.4
Paris,48.85341,2.3488,2024-11-15,2024-11-15T10:00,2024-11-15T19:10,0.1,0.0,6.9,10.5
Paris,48.85341,2.3488,2024-11-16,2024-11-16T10:02,2024-11-16T19:09,0.0,0.0,5.8,9.4
Paris,48.85341,2.3488,2024-11-17,2024-11-17T10:03,2024-11-17T19:08,1.0,0.0,4.0,10.3
Paris,48.85341,2.3488,2024-11-18,2024-11-18T10:05,2024-11-18T19:07,3.7,0.0,6.7,10.7
Paris,48.85341,2.3488,2024-11-19,2024-11-19T10:06,2024-11-19T19:05,25.0,0.0,7.9,12.2
Paris,48.85341,2.3488,2024-11-20,2024-11-20T10:08,2024-11-20T19:04,1.3,1.26,2.0,7.4
Paris,48.85341,2.3488,2024-11-21,2024-11-21T10:09,2024-11-21T19:03,0.6,6.86,0.2,1.8
Paris,48.85341,2.3488,2024-11-22,2024-11-22T10:11,2024-11-22T19:03,0.0,0.42,-2.2,3.5
Paris,48.85341,2.3488,2024-11-23,2024-11-23T10:12,2024-11-23T19:02,0.0,0.0,1.0,11.3
Paris,48.85341,2.3488,2024-11-24,2024-11-24T10:14,2024-11-24T19:01,0.0,0.0,12.0,17.9
Paris,48.85341,2.3488,2024-11-25,2024-11-25T10:15,2024-11-25T19:00,8.8,0.0,8.5,17.9
Paris,48.85341,2.3488,2024-11-26,2024-11-26T10:16,2024-11-26T18:59,3.4,0.0,7.6,11.1
Paris,48.85341,2.3488,2024-11-27,2024-11-27T10:18,2024-11-27T18:58,8.7,0.0,7.5,13.3
Paris,48.85341,2.3488,2024-11-28,2024-11-28T10:19,2024-11-28T18:58,0.0,0.0,4.7,9.0
Paris,48.85341,2.3488,2024-11-29,2024-11-29T10:20,2024-11-29T18:57,0.0,0.0,1.2,8.1
Paris,48.85341,2.3488,2024-11-30,2024-11-30T10:22,2024-11-30T18:57,0.0,0.0,0.1,6.6
Paris,48.85341,2.3488,2024-12-01,2024-12-01T10:23,2024-12-01T18:56,0.0,0.0,1.0,11.0
Paris,48.85341,2.3488,2024-12-02,2024-12-02T10:24,2024-12-02T18:56,0.5,0.0,7.5,12.2
Paris,48.85341,2.3488,2024-12-03,2024-12-03T10:25,2024-12-03T18:55,1.0,0.0,4.2,8.3
Paris,48.85341,2.3488,2024-12-04,2024-12-04T10:27,2024-12-04T18:55,0.0,0.0,2.6,7.2
Paris,48.85341,2.3488,2024-12-05,2024-12-05T10:28,2024-12-05T18:55,2.4,0.0,4.6,12.2
Paris,48.85341,2.3488,2024-12-06,2024-12-06T10:29,2024-12-06T18:54,3.3,0.0,7.0,13.7
Paris,48.85341,2.3488,2024-12-07,2024-12-07T10:30,2024-12-07T18:54,7.7,0.0,5.8,11.7
Paris,48.85341,2.3488,2024-12-08,2024-12-08T10:31,2024-12-08T18:54,5.7,0.0,6.6,8.4
Paris,48.85341,2.3488,2024-12-09,2024-12-09T10:32,2024-12-09T18:54,1.3,0.0,5.0,6.5
Paris,48.85341,2.3488,2024-12-10,2024-12-10T10:33,2024-12-10T18:54,0.2,0.0,4.7,6.2
Paris,48.85341,2.3488,2024-12-11,2024-12-11T10:34,2024-12-11T18:54,0.0,0.0,4.7,5.7
Paris,48.85341,2.3488,2024-12-12,2024-12-12T10:35,2024-12-12T18:54,0.0,0.0,3.6,4.8
Paris,48.85341,2.3488,2024-12-13,2024-12-13T10:36,2024-12-13T18:54,0.0,0.0,0.3,3.6
Paris,48.85341,2.3488,2024-12-14,2024-12-14T10:37,2024-12-14T18:54,0.1,0.0,-0.5,5.1
Paris,48.85341,2.3488,2024-12-15,2024-12-15T10:37,2024-12-15T18:54,0.0,0.0,3.1,9.8
Paris,48.85341,2.3488,2024-12-16,2024-12-16T10:38,2024-12-16T18:54,0.0,0.0,8.3,10.7
Paris,48.85341,2.3488,2024-12-17,2024-12-17T10:39,2024-12-17T18:54,0.0,0.0,5.8,8.6
Paris,48.85341,2.3488,2024-12-18,2024-12-18T10:39,2024-12-18T18:55,1.4,0.0,6.5,13.5
Paris,48.85341,2.3488,2024-12-19,2024-12-19T10:40,2024-12-19T18:55,4.5,0.0,3.8,13.7
Paris,48.85341,2.3488,2024-12-20,2024-12-20T10:41,2024-12-20T18:56,0.0,0.0,3.1,8.0
Paris,48.85341,2.3488,2024-12-21,2024-12-21T10:41,2024-12-21T18:56,4.8,0.0,6.4,10.6
Paris,48.85341,2.3488,2024-12-22,2024-12-22T10:42,2024-12-22T18:57,17.1,0.63,3.2,11.3
Paris,48.85341,2.3488,2024-12-23,2024-12-23T10:42,2024-12-23T18:57,0.1,0.56,4.1,7.5
Paris,48.85341,2.3488,2024-12-24,2024-12-24T10:42,2024-12-24T18:58,1.1,0.0,5.3,9.4
Paris,48.85341,2.3488,2024-12-25,2024-12-25T10:43,2024-12-25T18:59,0.0,0.0,8.8,10.8
Paris,48.85341,2.3488,2024-12-26,2024-12-26T10:43,2024-12-26T18:59,0.0,0.0,4.6,8.6
Paris,48.85341,2.3488,2024-12-27,2024-12-27T10:43,2024-12-27T19:00,0.0,0.0,-1.2,5.6
Paris,48.85341,2.3488,2024-12-28,2024-12-28T10:43,2024-12-28T19:01,0.0,0.0,-0.8,2.0
Paris,48.85341,2.3488,2024-12-29,2024-12-29T10:43,2024-12-29T19:02,0.0,0.0,1.3,4.5
Paris,48.85341,2.3488,2024-12-30,2024-12-30T10:44,2024-12-30T19:03,0.1,0.0,2.6,4.1
Paris,48.85341,2.3488,2024-12-31,2024-12-31T10:44,2024-12-31T19:04,0.0,0.0,1.9,5.6
Paris,48.85341,2.3488,2025-01-01,2025-01-01T10:44,2025-01-01T19:05,0.0,0.0,4.2,8.5
Paris,48.85341,2.3488,2025-01-02,2025-01-02T10:44,2025-01-02T19:06,22.0,0.49,1.8,9.6
Paris,48.85341,2.3488,2025-01-03,2025-01-03T10:43,2025-01-03T19:07,0.0,0.0,-1.6,4.2
Paris,48.85341,2.3488,2025-01-04,2025-01-04T10:43,2025-01-04T19:08,4.5,0.0,-2.8,2.3
Paris,48.85341,2.3488,2025-01-05,2025-01-05T10:43,2025-01-05T19:09,14.8,0.0,0.5,12.4
Paris,48.85341,2.3488,2025-01-06,2025-01-06T10:43,2025-01-06T19:10,1.6,0.0,6.2,13.1
Paris,48.85341,2.3488,2025-01-07,2025-01-07T10:42,2025-01-07T19:11,1.5,1.75,3.5,6.9
Paris,48.85341,2.3488,2025-01-08,2025-01-08T10:42,2025-01-08T19:12,15.7,0.0,3.3,12.1
Paris,48.85341,2.3488,2025-01-09,2025-01-09T10:42,2025-01-09T19:13,5.6,0.0,2.3,11.1
Paris,48.85341,2.3488,2025-01-10,2025-01-10T10:41,2025-01-10T19:15,0.3,0.07,2.4,5.5
Paris,48.85341,2.3488,2025-01-11,2025-01-11T10:41,2025-01-11T19:16,0.0,0.0,-0.6,2.2
Paris,48.85341,2.3488,2025-01-12,2025-01-12T10:40,2025-01-12T19:17,0.0,0.0,-0.5,4.1
Paris,48.85341,2.3488,2025-01-13,2025-01-13T10:39,2025-01-13T19:19,0.0,0.0,-1.4,4.1
Paris,48.85341,2.3488,2025-01-14,2025-01-14T10:39,2025-01-14T19:20,0.0,0.0,-3.8,2.6
Paris,48.85341,2.3488,2025-01-15,2025-01-15T10:38,2025-01-15T19:22,0.2,0.0,-0.9,5.4
Paris,48.85341,2.3488,2025-01-16,2025-01-16T10:37,2025-01-16T19:23,0.0,0.0,1.4,5.4
Paris,48.85341,2.3488,2025-01-17,2025-01-17T10:36,2025-01-17T19:24,0.0,0.0,-1.3,3.2
Paris,48.85341,2.3488,2025-01-18,2025-01-18T10:36,2025-01-18T19:26,0.0,0.0,-0.5,2.4
Paris,48.85341,2.3488,2025-01-19,2025-01-19T10:35,2025-01-19T19:27,0.0,0.0,-1.7,1.3
Paris,48.85341,2.3488,2025-01-20,2025-01-20T10:34,2025-01-20T19:29,0.0,0.14,-1.4,0.8
Paris,48.85341,2.3488,2025-01-21,2025-01-21T10:33,2025-01-21T19:31,0.0,0.0,-2.2,4.7
Paris,48.85341,2.3488,2025-01-22,2025-01-22T10:32,2025-01-22T19:32,10.7,0.0,1.7,9.4
Paris,48.85341,2.3488,2025-01-23,2025-01-23T10:31,2025-01-23T19:34,6.2,0.0,4.6,8.9
Paris,48.85341,2.3488,2025-01-24,2025-01-24T10:30,2025-01-24T19:35,4.6,0.0,7.6,12.1
Paris,48.85341,2.3488,2025-01-25,2025-01-25T10:29,2025-01-25T19:37,11.2,0.0,7.7,12.3
Paris,48.85341,2.3488,2025-01-26,2025-01-26T10:28,2025-01-26T19:38,3.3,0.0,1.0,9.9
Paris,48.85341,2.3488,2025-01-27,2025-01-27T10:26,2025-01-27T19:40,3.6,0.0,8.3,12.6
Paris,48.85341,2.3488,2025-01-28,2025-01-28T10:25,2025-01-28T19:41,3.4,0.0,6.7,11.2
Paris,48.85341,2.3488,2025-01-29,2025-01-29T10:24,2025-01-29T19:43,10.3,0.0,5.3,8.5
Paris,48.85341,2.3488,2025-01-30,2025-01-30T10:23,2025-01-30T19:45,4.2,0.0,4.0,8.0
Paris,48.85341,2.3488,2025-01-31,2025-01-31T10:21,2025-01-31T19:46,4.8,0.0,1.0,4.8
Paris,48.85341,2.3488,2025-02-01,2025-02-01T10:20,2025-02-01T19:48,0.0,0.0,-1.5,6.5
Paris,48.85341,2.3488,2025-02-02,2025-02-02T10:18,2025-02-02T19:50,0.0,0.0,-2.1,6.5
Paris,48.85341,2.3488,2025-02-03,2025-02-03T10:17,2025-02-03T19:51,0.0,0.0,-1.8,6.0
Paris,48.85341,2.3488,2025-02-04,2025-02-04T10:16,2025-02-04T19:53,0.0,0.0,-0.1,4.3
Paris,48.85341,2.3488,2025-02-05,2025-02-05T10:14,2025-02-05T19:55,0.0,0.0,1.1,7.4
Paris,48.85341,2.3488,2025-02-06,2025-02-06T10:12,2025-02-06T19:56,0.2,0.0,1.4,4.9
Paris,48.85341,2.3488,2025-02-07,2025-02-07T10:11,2025-02-07T19:58,0.8,0.0,2.7,6.0
Paris,48.85341,2.3488,2025-02-08,2025-02-08T10:09,2025-02-08T20:00,2.0,0.0,3.8,7.1
Paris,48.85341,2.3488,2025-02-09,2025-02-09T10:08,2025-02-09T20:01,5.6,0.0,3.0,7.1
Paris,48.85341,2.3488,2025-02-10,2025-02-10T10:06,2025-02-10T20:03,8.6,0.0,3.4,6.6
Paris,48.85341,2.3488,2025-02-11,2025-02-11T10:04,2025-02-11T20:04,0.0,0.0,2.4,6.6
Paris,48.85341,2.3488,2025-02-12,2025-02-12T10:03,2025-02-12T20:06,0.4,0.0,1.6,5.5
Paris,48.85341,2.3488,2025-02-13,2025-02-13T10:01,2025-02-13T20:08,0.1,0.0,3.2,6.7
Paris,48.85341,2.3488,2025-02-14,2025-02-14T09:59,2025-02-14T20:09,0.0,0.0,-0.6,4.6
Paris,48.85341,2.3488,2025-02-15,2025-02-15T09:58,2025-02-15T20:11,0.0,0.0,-2.1,4.4
Paris,48.85341,2.3488,2025-02-16,2025-02-16T09:56,2025-02-16T20:13,0.0,0.0,-0.9,6.1
Paris,48.85341,2.3488,2025-02-17,2025-02-17T09:54,2025-02-17T20:14,0.0,0.0,-1.5,6.5
Paris,48.85341,2.3488,2025-02-18,2025-02-18T09:53,2025-02-18T20:16,0.0,0.0,-0.5,8.2
Paris,48.85341,2.3488,2025-02-19,2025-02-19T09:51,2025-02-19T20:18,0.0,0.0,0.4,10.1
Paris,48.85341,2.3488,2025-02-20,2025-02-20T09:49,2025-02-20T20:19,1.5,0.0,7.2,13.7
Paris,48.85341,2.3488,2025-02-21,2025-02-21T09:47,2025-02-21T20:21,0.1,0.0,9.1,15.9
Paris,48.85341,2.3488,2025-02-22,2025-02-22T09:45,2025-02-22T20:22,6.0,0.0,9.1,12.9
Paris,48.85341,2.3488,2025-02-23,2025-02-23T09:43,2025-02-23T20:24,0.0,0.0,4.7,14.0
Paris,48.85341,2.3488,2025-02-24,2025-02-24T09:41,2025-02-24T20:26,3.1,0.0,9.2,12.7
Paris,48.85341,2.3488,2025-02-25,2025-02-25T09:39,2025-02-25T20:27,18.2,0.0,6.8,9.0
Paris,48.85341,2.3488,2025-02-26,2025-02-26T09:37,2025-02-26T20:29,2.7,0.0,3.7,10.9
Paris,48.85341,2.3488,2025-02-27,2025-02-27T09:35,2025-02-27T20:30,0.4,0.0,3.1,9.9
Paris,48.85341,2.3488,2025-02-28,2025-02-28T09:33,2025-02-28T20:32,0.5,0.0,2.1,9.0
Paris,48.85341,2.3488,2025-03-01,2025-03-01T09:31,2025-03-01T20:34,0.0,0.0,0.8,7.5
Paris,48.85341,2.3488,2025-03-02,2025-03-02T09:29,2025-03-02T20:35,0.0,0.0,0.4,10.4
Paris,48.85341,2.3488,2025-03-03,2025-03-03T09:27,2025-03-03T20:37,0.0,0.0,-0.6,11.3
Paris,48.85341,2.3488,2025-03-04,2025-03-04T09:25,2025-03-04T20:38,0.0,0.0,0.7,12.7
Paris,48.85341,2.3488,2025-03-05,2025-03-05T09:23,2025-03-05T20:40,0.0,0.0,0.8,16.4
Paris,48.85341,2.3488,2025-03-06,2025-03-06T09:21,2025-03-06T20:42,0.0,0.0,3.8,17.0
Paris,48.85341,2.3488,2025-03-07,2025-03-07T09:19,2025-03-07T20:43,0.0,0.0,6.3,16.7
Paris,48.85341,2.3488,2025-03-08,2025-03-08T09:17,2025-03-08T20:45,0.0,0.0,7.3,18.0
Paris,48.85341,2.3488,2025-03-09,2025-03-09T09:15,2025-03-09T20:46,0.0,0.0,8.2,17.0
Paris,48.85341,2.3488,2025-03-10,2025-03-10T09:13,2025-03-10T20:48,3.3,0.0,9.0,13.0
Paris,48.85341,2.3488,2025-03-11,2025-03-11T09:11,2025-03-11T20:49,0.5,0.0,4.7,11.8
Paris,48.85341,2.3488,2025-03-12,2025-03-12T09:09,2025-03-12T20:51,2.2,0.0,2.9,7.3
Paris,48.85341,2.3488,2025-03-13,2025-03-13T09:07,2025-03-13T20:52,1.5,0.14,2.5,7.8
Paris,48.85341,2.3488,2025-03-14,2025-03-14T09:05,2025-03-14T20:54,0.7,0.0,-0.4,6.7
Paris,48.85341,2.3488,2025-03-15,2025-03-15T09:03,2025-03-15T20:55,0.1,0.0,1.3,8.3
Paris,48.85341,2.3488,2025-03-16,2025-03-16T09:01,2025-03-16T20:57,0.1,0.0,2.1,10.5
Paris,48.85341,2.3488,2025-03-17,2025-03-17T08:59,2025-03-17T20:58,0.0,0.0,1.0,11.6
Paris,48.85341,2.3488,2025-03-18,2025-03-18T08:57,2025-03-18T21:00,0.0,0.0,1.6,12.4
Paris,48.85341,2.3488,2025-03-19,2025-03-19T08:55,2025-03-19T21:01,0.0,0.0,5.3,17.1
Paris,48.85341,2.3488,2025-03-20,2025-03-20T08:52,2025-03-20T21:03,0.0,0.0,5.5,18.5
Paris,48.85341,2.3488,2025-03-21,2025-03-21T08:50,2025-03-21T21:05,1.3,0.0,9.4,19.7
Paris,48.85341,2.3488,2025-03-22,2025-03-22T08:48,2025-03-22T21:06,10.7,0.0,10.9,16.8
Paris,48.85341,2.3488,2025-03-23,2025-03-23T08:46,2025-03-23T21:08,1.2,0.0,7.3,13.4
Paris,48.85341,2.3488,2025-03-24,2025-03-24T08:44,2025-03-24T21:09,0.5,0.0,5.4,15.6
Paris,48.85341,2.3488,2025-03-25,2025-03-25T08:42,2025-03-25T21:11,0.0,0.0,7.7,13.8
Paris,48.85341,2.3488,2025-03-26,2025-03-26T08:40,2025-03-26T21:12,0.4,0.0,7.4,14.3
Paris,48.85341,2.3488,2025-03-27,2025-03-27T08:38,2025-03-27T21:14,0.0,0.0,3.6,14.8
Paris,48.85341,2.3488,2025-03-28,2025-03-28T08:36,2025-03-28T21:15,2.1,0.0,4.0,12.7
Paris,48.85341,2.3488,2025-03-29,2025-03-29T08:34,2025-03-29T21:16,1.5,0.0,5.5,13.2
Paris,48.85341,2.3488,2025-03-30,2025-03-30T08:31,2025-03-30T21:18,0.1,0.0,5.7,15.5
Paris,48.85341,2.3488,2025-03-31,2025-03-31T08:29,2025-03-31T21:19,0.0,0.0,5.0,14.0
Paris,48.85341,2.3488,2025-04-01,2025-04-01T08:27,2025-04-01T21:21,0.0,0.0,4.9,14.2
Paris,48.85341,2.3488,2025-04-02,2025-04-02T08:25,2025-04-02T21:22,0.0,0.0,6.6,16.5
Paris,48.85341,2.3488,2025-04-03,2025-04-03T08:23,2025-04-03T21:24,0.0,0.0,7.5,20.1
Paris,48.85341,2.3488,2025-04-04,2025-04-04T08:21,2025-04-04T21:25,0.1,0.0,10.5,23.0
Paris,48.85341,2.3488,2025-04-05,2025-04-05T08:19,2025-04-05T21:27,0.0,0.0,9.2,23.7
Paris,48.85341,2.3488,2025-04-06,2025-04-06T08:17,2025-04-06T21:28,0.0,0.0,8.6,17.9
Paris,48.85341,2.3488,2025-04-07,2025-04-07T08:15,2025-04-07T21:30,0.0,0.0,4.2,17.0
Paris,48.85341,2.3488,2025-04-08,2025-04-08T08:13,2025-04-08T21:31,0.0,0.0,4.0,18.4
Paris,48.85341,2.3488,2025-04-09,2025-04-09T08:11,2025-04-09T21:33,0.0,0.0,5.9,18.5
Paris,48.85341,2.3488,2025-04-10,2025-04-10T08:09,2025-04-10T21:34,0.0,0.0,5.4,16.0
Paris,48.85341,2.3488,2025-04-11,2025-04-11T08:07,2025-04-11T21:36,0.0,0.0,5.6,21.9
Paris,48.85341,2.3488,2025-04-12,2025-04-12T08:05,2025-04-12T21:37,1.7,0.0,8.8,21.5
Paris,48.85341,2.3488,2025-04-13,2025-04-13T08:03,2025-04-13T21:39,4.3,0.0,12.1,17.5
Paris,48.85341,2.3488,2025-04-14,2025-04-14T08:01,2025-04-14T21:40,0.0,0.0,7.3,19.5
Paris,48.85341,2.3488,2025-04-15,2025-04-15T07:59,2025-04-15T21:42,2.6,0.0,11.9,18.0
Paris,48.85341,2.3488,2025-04-16,2025-04-16T07:57,2025-04-16T21:43,0.0,0.0,8.1,15.0
Paris,48.85341,2.3488,2025-04-17,2025-04-17T07:55,2025-04-17T21:45,0.0,0.0,6.0,16.5
Paris,48.85341,2.3488,2025-04-18,2025-04-18T07:53,2025-04-18T21:46,0.0,0.0,6.3,19.2
Paris,48.85341,2.3488,2025-04-19,2025-04-19T07:51,2025-04-19T21:48,2.6,0.0,8.7,20.5
Paris,48.85341,2.3488,2025-04-20,2025-04-20T07:49,2025-04-20T21:49,4.8,0.0,10.6,16.2
Paris,48.85341,2.3488,2025-04-21,2025-04-21T07:47,2025-04-21T21:51,4.9,0.0,10.0,15.0
Paris,48.85341,2.3488,2025-04-22,2025-04-22T07:45,2025-04-22T21:52,0.4,0.0,7.6,16.8
Paris,48.85341,2.3488,2025-04-23,2025-04-23T07:44,2025-04-23T21:54,9.3,0.0,8.3,14.9
Paris,48.85341,2.3488,2025-04-24,2025-04-24T07:42,2025-04-24T21:55,1.1,0.0,9.2,16.7
Paris,48.85341,2.3488,2025-04-25,2025-04-25T07:40,2025-04-25T21:57,0.5,0.0,7.2,15.6
Paris,48.85341,2.3488,2025-04-26,2025-04-26T07:38,2025-04-26T21:58,0.2,0.0,8.1,18.7
Paris,48.85341,2.3488,2025-04-27,2025-04-27T07:36,2025-04-27T22:00,0.3,0.0,11.0,20.5
Paris,48.85341,2.3488,2025-04-28,2025-04-28T07:34,2025-04-28T22:01,0.0,0.0,9.8,24.1
Paris,48.85341,2.3488,2025-04-29,2025-04-29T07:33,2025-04-29T22:03,0.0,0.0,10.8,26.6
Paris,48.85341,2.3488,2025-04-30,2025-04-30T07:31,2025-04-30T22:04,0.0,0.0,12.4,29.2
Paris,48.85341,2.3488,2025-05-01,2025-05-01T07:29,2025-05-01T22:06,0.0,0.0,14.0,30.1
Paris,48.85341,2.3488,2025-05-02,2025-05-02T07:28,2025-05-02T22:07,0.0,0.0,15.4,29.8
Paris,48.85341,2.3488,2025-05-03,2025-05-03T07:26,2025-05-03T22:08,9.2,0.0,15.9,24.5
Paris,48.85341,2.3488,2025-05-04,2025-05-04T07:24,2025-05-04T22:10,1.2,0.0,9.0,16.1
Paris,48.85341,2.3488,2025-05-05,2025-05-05T07:23,2025-05-05T22:11,0.0,0.0,6.2,14.3
Paris,48.85341,2.3488,2025-05-06,2025-05-06T07:21,2025-05-06T22:13,0.2,0.0,7.0,15.5
Paris,48.85341,2.3488,2025-05-07,2025-05-07T07:20,2025-05-07T22:14,0.0,0.0,8.0,15.6
Paris,48.85341,2.3488,2025-05-08,2025-05-08T07:18,2025-05-08T22:16,0.1,0.0,8.7,18.2
Paris,48.85341,2.3488,2025-05-09,2025-05-09T07:17,2025-05-09T22:17,0.0,0.0,9.4,20.2
Paris,48.85341,2.3488,2025-05-10,2025-05-10T07:15,2025-05-10T22:18,0.0,0.0,9.6,23.7
Paris,48.85341,2.3488,2025-05-11,2025-05-11T07:14,2025-05-11T22:20,4.5,0.0,13.3,24.3
Paris,48.85341,2.3488,2025-05-12,2025-05-12T07:12,2025-05-12T22:21,1.7,0.0,13.2,19.6
Paris,48.85341,2.3488,2025-05-13,2025-05-13T07:11,2025-05-13T22:23,6.9,0.0,10.9,20.9
Paris,48.85341,2.3488,2025-05-14,2025-05-14T07:10,2025-05-14T22:24,0.1,0.0,11.0,25.3
Paris,48.85341,2.3488,2025-05-15,2025-05-15T07:08,2025-05-15T22:25,0.0,0.0,8.9,18.1
Paris,48.85341,2.3488,2025-05-16,2025-05-16T07:07,2025-05-16T22:27,0.0,0.0,8.9,20.3
Paris,48.85341,2.3488,2025-05-17,2025-05-17T07:06,2025-05-17T22:28,0.0,0.0,9.5,18.6
Paris,48.85341,2.3488,2025-05-18,2025-05-18T07:04,2025-05-18T22:29,0.0,0.0,8.7,20.4
Paris,48.85341,2.3488,2025-05-19,2025-05-19T07:03,2025-05-19T22:31,0.0,0.0,8.4,23.8
Paris,48.85341,2.3488,2025-05-20,2025-05-20T07:02,2025-05-20T22:32,0.0,0.0,12.2,25.9
Paris,48.85341,2.3488,2025-05-21,2025-05-21T07:01,2025-05-21T22:33,13.1,0.0,12.1,19.7
Paris,48.85341,2.3488,2025-05-22,2025-05-22T07:00,2025-05-22T22:34,2.0,0.0,8.3,18.9
Paris,48.85341,2.3488,2025-05-23,2025-05-23T06:59,2025-05-23T22:35,0.0,0.0,8.2,18.4
Paris,48.85341,2.3488,2025-05-24,2025-05-24T06:58,2025-05-24T22:37,0.4,0.0,8.1,20.1
Paris,48.85341,2.3488,2025-05-25,2025-05-25T06:57,2025-05-25T22:38,2.0,0.0,14.6,20.1
Paris,48.85341,2.3488,2025-05-26,2025-05-26T06:56,2025-05-26T22:39,0.0,0.0,10.1,18.4
Paris,48.85341,2.3488,2025-05-27,2025-05-27T06:55,2025-05-27T22:40,0.0,0.0,11.7,19.4
Paris,48.85341,2.3488,2025-05-28,2025-05-28T06:54,2025-05-28T22:41,3.2,0.0,13.9,21.1
Paris,48.85341,2.3488,2025-05-29,2025-05-29T06:53,2025-05-29T22:42,0.0,0.0,11.6,24.4
Paris,48.85341,2.3488,2025-05-30,2025-05-30T06:53,2025-05-30T22:43,0.0,0.0,13.8,29.8
Paris,48.85341,2.3488,2025-05-31,2025-05-31T06:52,2025-05-31T22:44,4.6,0.0,16.9,29.6
Paris,48.85341,2.3488,2025-06-01,2025-06-01T06:51,2025-06-01T22:45,8.5,0.0,15.8,23.3
Paris,48.85341,2.3488,2025-06-02,2025-06-02T06:51,2025-06-02T22:46,0.9,0.0,13.8,22.0
Paris,48.85341,2.3488,2025-06-03,2025-06-03T06:50,2025-06-03T22:47,0.0,0.0,11.9,24.4
Paris,48.85341,2.3488,2025-06-04,2025-06-04T06:50,2025-06-04T22:48,2.0,0.0,13.8,20.3
Paris,48.85341,2.3488,2025-06-05,2025-06-05T06:49,2025-06-05T22:49,6.0,0.0,12.9,19.0
Paris,48.85341,2.3488,2025-06-06,2025-06-06T06:49,2025-06-06T22:50,8.2,0.0,14.1,20.9
Paris,48.85341,2.3488,2025-06-07,2025-06-07T06:48,2025-06-07T22:50,3.2,0.0,13.8,19.8
Paris,48.85341,2.3488,2025-06-08,2025-06-08T06:48,2025-06-08T22:51,4.5,0.0,11.9,18.6
Paris,48.85341,2.3488,2025-06-09,2025-06-09T06:47,2025-06-09T22:52,0.0,0.0,10.2,22.5
Paris,48.85341,2.3488,2025-06-10,2025-06-10T06:47,2025-06-10T22:53,0.0,0.0,12.1,24.8
Paris,48.85341,2.3488,2025-06-11,2025-06-11T06:47,2025-06-11T22:53,0.0,0.0,13.5,28.1
Paris,48.85341,2.3488,2025-06-12,2025-06-12T06:47,2025-06-12T22:54,0.1,0.0,17.3,31.7
Paris,48.85341,2.3488,2025-06-13,2025-06-13T06:47,2025-06-13T22:54,5.4,0.0,20.5,33.2
Paris,48.85341,2.3488,2025-06-14,2025-06-14T06:46,2025-06-14T22:55,2.3,0.0,20.2,27.5
Paris,48.85341,2.3488,2025-06-15,2025-06-15T06:46,2025-06-15T22:55,0.1,0.0,17.3,23.1
Paris,48.85341,2.3488,2025-06-16,2025-06-16T06:46,2025-06-16T22:56,0.0,0.0,12.2,26.8
Paris,48.85341,2.3488,2025-06-17,2025-06-17T06:46,2025-06-17T22:56,0.0,0.0,15.3,29.2
Paris,48.85341,2.3488,2025-06-18,2025-06-18T06:46,2025-06-18T22:57,0.0,0.0,16.1,29.6
Paris,48.85341,2.3488,2025-06-19,2025-06-19T06:47,2025-06-19T22:57,0.0,0.0,17.9,31.3
Paris,48.85341,2.3488,2025-06-20,2025-06-20T06:47,2025-06-20T22:57,0.0,0.0,19.4,32.1
Paris,48.85341,2.3488,2025-06-21,2025-06-21T06:47,2025-06-21T22:57,0.0,0.0,18.8,35.7
Paris,48.85341,2.3488,2025-06-22,2025-06-22T06:47,2025-06-22T22:58,0.0,0.0,22.7,29.8
Paris,48.85341,2.3488,2025-06-23,2025-06-23T06:48,2025-06-23T22:58,0.0,0.0,17.7,26.2
Paris,48.85341,2.3488,2025-06-24,2025-06-24T06:48,2025-06-24T22:58,0.0,0.0,13.7,30.0
Paris,48.85341,2.3488,2025-06-25,2025-06-25T06:48,2025-06-25T22:58,2.2,0.0,18.4,35.7
Paris,48.85341,2.3488,2025-06-26,2025-06-26T06:49,2025-06-26T22:58,7.1,0.0,18.1,26.1
Paris,48.85341,2.3488,2025-06-27,2025-06-27T06:49,2025-06-27T22:58,1.4,0.0,19.4,27.6
Paris,48.85341,2.3488,2025-06-28,2025-06-28T06:50,2025-06-28T22:58,0.0,0.0,19.0,29.7
Paris,48.85341,2.3488,2025-06-29,2025-06-29T06:50,2025-06-29T22:58,0.0,0.0,18.7,30.0
Paris,48.85341,2.3488,2025-06-30,2025-06-30T06:51,2025-06-30T22:57,0.0,0.0,20.6,36.0
Paris,48.85341,2.3488,2025-07-01,2025-07-01T06:51,2025-07-01T22:57,0.0,0.0,23.3,38.5
Paris,48.85341,2.3488,2025-07-02,2025-07-02T06:52,2025-07-02T22:57,3.1,0.0,21.1,33.5
Paris,48.85341,2.3488,2025-07-03,2025-07-03T06:53,2025-07-03T22:57,,,18.6,20.4
Paris,48.85341,2.3488,2025-07-04,2025-07-04T06:54,2025-07-04T22:56,,,,
